"","account","act","ago","also","big","billion","cluster","composit","constant","creat","dark","densiti","detect","discov","earli","effect","element","energi","exist","expect","experi","explain","explan","first","forc","form","found","galaxi","give","graviti","hot","howev","interact","keep","known","larg","light","made","make","mass","matter","may","mean","measur","minut","model","motion","move","must","name","need","new","number","observ","occur","one","orbit","origin","physic","possibl","predict","provid","question","remain","requir","rest","sinc","space","star","suggest","theori","two","univers","way","within","year","abl","actual","anoth","answer","away","begin","black","calcul","call","can","come","complet","continu","correct","differ","dont","due","earth","enough","even","ever","fact","far","final","fraction","get","given","import","includ","just","know","last","less","like","long","mani","mayb","might","much","mysteri","near","never","object","physicist","planet","point","result","right","scientist","second","see","set","show","small","someth","still","system","that","thing","think","thought","three","time","tri","turn","understand","wrong","zero","allow","almost","alon","alway","avail","becom","best","cant","challeng","director","end","find","fli","idea","insid","left","locat","look","note","order","peopl","say","sens","spot","take","there","type","use","wasnt","well","whether","will","world","alreadi","detail","histori","lead","leav","life","present","put","simpli","tell","without","around","everi","feel","good","old","review","shape","watch","work","across","clear","control","explor","happen","isnt","least","live","power","stori","credit","imag","mission","nasa","astronaut","hour","man","part","read"
"account",0,2,3,4,2,3,3,3,2,2,4,4,3,3,2,3,2,3,5,4,2,3,2,4,3,3,4,5,4,3,2,2,3,3,3,4,3,4,2,4,3,3,4,3,2,3,3,3,4,2,3,4,3,4,3,5,3,4,2,5,2,4,2,4,4,2,4,4,5,3,2,5,3,5,4,5,1,1,2,1,1,2,3,2,3,4,2,2,2,1,3,1,2,2,1,3,1,1,2,2,2,1,3,1,2,3,3,2,2,4,3,3,0,3,3,2,4,2,3,2,3,4,2,1,2,3,2,1,1,3,3,2,2,2,2,2,1,3,4,2,1,1,1,2,2,2,3,2,1,3,2,3,2,2,3,3,1,3,2,1,2,3,2,1,2,4,2,2,3,3,4,3,2,2,4,4,4,2,2,3,3,2,1,2,1,1,2,2,1,2,1,1,2,1,1,1,1,2,1,2,2,1,1,2,1,1,1,1,1,2,2,1,2,1,1,1
"act",2,0,2,4,2,2,1,2,2,2,3,1,2,1,3,3,2,2,2,1,3,2,1,5,3,2,1,3,3,4,2,1,2,3,1,2,3,3,4,2,3,3,3,2,4,2,2,2,3,2,1,4,1,1,1,5,3,3,3,3,2,2,2,2,3,3,3,5,4,2,2,4,2,4,1,5,2,1,2,1,3,1,2,0,2,4,3,0,1,1,3,2,0,4,2,3,3,1,0,1,0,2,1,2,3,3,4,2,2,4,4,3,2,3,2,0,2,3,3,2,2,3,1,4,2,1,4,0,3,0,1,4,0,4,4,4,3,2,4,3,2,2,1,2,1,3,1,2,1,2,4,3,0,3,2,1,1,2,2,2,0,3,1,1,3,2,3,1,2,3,2,2,3,3,3,2,2,1,2,1,2,2,2,2,2,2,2,3,2,3,4,3,3,3,1,3,4,2,1,3,2,2,1,2,3,2,3,1,3,3,3,3,2,3,2,3
"ago",3,2,0,5,3,3,3,3,4,3,5,3,2,3,4,3,3,4,4,4,1,3,4,4,3,3,3,5,5,3,1,3,2,2,4,3,4,5,3,2,3,2,5,3,2,4,2,2,2,3,3,4,4,4,3,5,1,3,3,5,4,4,2,2,4,3,4,4,4,4,3,3,4,5,3,4,3,2,2,2,3,2,3,2,3,4,3,2,3,3,4,1,2,3,1,4,3,3,3,2,2,1,4,2,4,4,4,2,4,4,4,4,1,3,3,3,3,2,3,2,2,4,3,2,3,2,3,2,3,3,3,3,1,3,4,3,2,2,4,2,2,2,1,2,1,2,2,1,0,2,1,3,1,1,1,1,0,3,2,0,1,2,1,0,1,3,1,2,2,2,3,2,1,2,2,2,2,3,3,3,2,2,2,3,2,1,3,2,1,2,1,1,2,2,1,1,1,2,0,1,1,1,1,2,1,1,1,1,2,2,2,1,1,1,0,1
"also",4,4,5,0,4,5,4,4,5,5,7,4,4,3,6,6,4,6,6,5,4,4,5,8,6,5,4,8,6,7,2,5,4,3,5,4,7,7,7,4,5,6,7,4,4,6,4,4,5,5,5,6,5,5,6,10,4,6,4,9,6,7,4,6,6,5,8,8,7,5,5,7,7,9,5,8,4,5,5,4,4,5,3,4,5,8,6,4,5,4,6,4,5,6,5,7,4,3,5,4,4,3,5,3,6,8,7,4,4,8,7,6,3,6,5,4,5,3,5,5,5,7,5,4,7,5,6,4,5,5,5,7,4,6,6,7,4,5,9,4,5,5,3,4,3,5,4,4,3,3,4,7,3,3,3,3,2,5,4,3,4,6,2,2,4,6,4,4,4,5,5,5,4,6,4,5,4,4,4,3,3,4,4,3,4,4,4,3,3,3,4,3,4,3,2,3,3,3,1,4,4,4,2,3,4,4,3,2,4,4,4,3,2,3,1,2
"big",2,2,3,4,0,2,4,2,3,4,4,3,3,2,3,4,2,6,3,4,3,4,3,4,4,3,3,4,5,3,2,4,3,3,4,4,4,6,6,2,4,4,5,2,2,4,4,4,3,2,4,2,3,4,3,6,3,3,3,4,3,4,2,3,2,2,4,5,4,5,2,3,4,4,3,5,3,4,2,2,3,2,2,3,4,5,4,2,2,3,4,4,2,3,2,5,3,4,4,3,3,3,3,2,3,3,4,1,3,4,3,3,3,5,5,3,3,2,2,2,2,4,3,2,3,2,4,1,3,3,2,3,2,5,4,4,2,3,5,3,3,4,3,2,2,4,1,1,1,2,2,3,2,2,2,1,2,3,3,2,2,4,3,2,3,3,2,3,4,2,3,2,2,2,2,2,1,1,1,1,0,0,2,2,3,0,2,1,1,3,1,1,2,3,1,1,1,2,2,1,0,1,1,2,1,1,1,3,3,2,2,1,1,1,2,1
"billion",3,2,3,5,2,0,3,2,3,2,4,3,3,3,3,4,3,4,4,4,2,2,4,3,3,2,4,6,3,2,2,3,3,1,3,3,3,3,3,4,3,5,4,5,1,4,2,4,4,2,2,4,5,4,4,6,2,5,4,5,3,4,4,4,4,1,6,5,5,3,4,5,5,6,5,6,2,3,0,3,1,1,2,2,2,5,2,1,3,2,3,1,2,3,2,3,1,2,3,1,3,0,2,1,2,4,3,1,2,5,5,4,1,4,3,2,2,1,2,2,2,3,3,1,4,2,2,2,3,3,2,3,2,2,3,3,2,2,5,1,2,3,1,0,2,2,2,1,1,1,1,4,3,0,1,2,0,3,3,0,3,5,1,0,0,4,1,3,3,2,4,4,1,3,2,3,2,3,2,3,2,1,3,2,2,3,2,1,3,3,2,1,4,2,3,1,1,3,2,2,2,1,1,3,1,1,1,2,1,2,2,0,1,0,1,0
"cluster",3,1,3,4,4,3,0,3,3,4,4,4,4,3,3,5,2,4,4,5,2,3,3,3,3,3,4,5,4,3,2,4,4,2,4,4,4,4,4,3,3,4,4,3,1,4,4,4,3,2,3,3,4,5,3,5,3,4,2,5,3,5,3,3,3,2,5,5,4,4,2,3,4,5,4,4,2,3,2,3,2,2,2,4,4,4,3,2,3,2,3,2,2,3,2,3,2,2,3,2,4,2,3,1,2,3,3,2,2,4,3,3,1,4,4,3,3,2,2,2,3,4,3,1,3,3,3,1,2,4,2,1,3,3,2,3,1,3,4,2,3,3,2,2,1,2,1,1,1,1,1,2,3,1,2,2,1,2,2,1,3,3,1,1,1,3,1,2,3,1,3,3,1,2,2,2,2,1,1,2,1,0,1,1,1,0,1,0,2,2,0,0,2,1,2,0,0,2,1,1,1,0,0,2,0,0,0,2,1,2,2,0,1,0,1,0
"composit",3,2,3,4,2,2,3,0,2,3,3,3,3,4,4,4,3,2,5,4,3,2,3,5,2,2,3,4,4,5,2,2,3,3,2,3,4,5,4,2,2,3,3,2,4,2,4,3,3,4,4,5,3,3,2,6,3,4,1,6,3,5,2,4,5,4,3,5,5,3,2,5,3,5,2,4,2,2,4,2,2,3,4,3,5,4,3,3,5,2,2,1,2,4,2,3,3,1,1,3,2,2,3,3,4,3,3,4,2,4,4,4,1,4,3,2,5,4,5,2,4,5,2,3,2,4,3,3,2,3,2,3,3,2,2,3,1,4,5,3,1,2,2,3,1,3,2,2,1,2,1,1,2,2,4,3,2,1,0,2,2,2,1,0,3,3,1,0,2,1,2,3,1,2,2,3,3,1,2,3,3,3,1,2,1,1,2,2,2,2,2,2,3,1,2,3,2,2,2,3,3,2,1,2,3,2,2,2,3,4,3,3,3,3,2,2
"constant",2,2,4,5,3,3,3,2,0,4,4,3,2,3,3,4,3,4,3,4,1,3,4,4,4,4,3,4,4,3,2,3,2,1,4,3,4,4,4,2,3,2,4,3,2,4,2,2,3,4,3,4,4,4,3,5,2,2,3,5,5,5,3,3,3,3,5,4,3,4,3,2,4,5,3,4,2,2,2,3,3,1,2,2,2,4,3,2,2,3,3,2,2,3,2,4,3,3,3,2,2,2,3,1,4,4,4,2,3,4,4,4,2,2,4,3,2,2,3,1,2,4,3,2,4,3,3,2,4,3,2,3,1,3,4,3,3,1,4,1,3,2,1,2,1,1,1,1,1,1,1,3,1,1,0,0,0,2,2,1,1,3,1,1,1,3,1,2,3,2,2,1,1,2,2,2,2,2,3,2,2,2,3,2,3,2,3,2,2,1,1,1,1,1,1,0,1,1,0,1,1,1,0,1,1,1,1,1,2,2,2,1,0,1,1,1
"creat",2,2,3,5,4,2,4,3,4,0,4,3,3,3,3,6,3,4,4,5,3,3,4,5,4,4,4,4,5,5,2,4,3,3,4,3,6,5,6,2,3,3,4,2,3,4,3,4,4,4,4,4,3,4,3,6,3,4,2,6,4,6,3,4,2,3,5,6,4,5,2,3,5,6,3,5,2,4,4,3,3,2,2,3,4,5,5,3,3,2,3,3,2,3,4,5,4,2,3,3,3,4,4,2,4,5,5,2,2,5,4,4,2,4,5,4,3,3,3,2,4,5,4,3,5,4,5,2,4,3,2,2,2,4,3,5,2,2,5,3,4,4,3,4,2,3,2,3,3,2,2,3,3,3,2,2,2,2,2,3,2,4,2,2,3,4,2,2,4,2,2,3,2,4,2,3,3,1,3,2,2,2,3,2,2,2,3,2,3,1,2,2,2,1,2,1,2,1,1,1,1,1,0,1,2,1,2,1,3,3,2,2,0,2,2,2
"dark",4,3,5,7,4,4,4,3,4,4,0,4,4,3,5,5,4,5,5,5,3,4,4,6,5,4,4,7,6,5,1,4,4,3,5,4,5,6,5,4,5,4,6,4,2,6,3,4,3,3,4,5,4,5,4,7,2,5,4,6,4,5,2,3,5,3,6,6,6,5,4,5,6,7,4,6,3,4,3,2,3,3,3,3,4,6,4,3,3,3,6,2,3,4,3,5,3,3,4,3,3,2,5,3,4,6,6,2,4,6,5,4,1,5,4,4,4,2,3,4,3,5,5,3,5,3,5,2,4,4,4,4,2,5,5,5,3,3,6,4,4,4,2,3,2,4,3,2,1,3,3,5,2,2,2,2,1,4,4,1,2,4,2,1,2,4,2,4,3,3,4,4,2,4,3,3,3,3,3,3,2,2,2,3,2,2,3,2,2,3,2,2,3,3,2,2,2,2,0,1,1,1,1,2,1,1,1,1,2,2,2,1,1,1,0,1
"densiti",4,1,3,4,3,3,4,3,3,3,4,0,4,4,2,4,3,4,5,5,2,4,3,4,4,4,4,5,4,3,2,3,4,2,4,5,3,4,3,4,4,3,4,3,1,4,4,3,4,3,4,4,4,5,3,5,3,3,2,5,3,5,2,4,4,2,5,4,5,4,3,4,4,5,4,4,1,2,2,2,1,2,3,3,3,4,2,3,2,2,3,2,3,2,2,3,1,2,3,3,3,2,3,1,2,3,3,2,2,4,3,3,1,3,4,3,4,2,3,2,3,4,3,1,3,4,2,2,2,4,3,2,3,2,2,2,2,3,4,2,2,2,2,2,2,1,2,1,1,2,1,2,2,1,2,2,1,2,2,1,2,3,2,1,1,3,1,2,3,2,3,2,1,1,3,3,3,1,1,2,2,1,1,1,1,1,1,1,1,1,0,0,1,0,1,0,0,1,1,1,1,0,0,1,0,0,0,1,0,1,1,0,1,0,1,0
"detect",3,2,2,4,3,3,4,3,2,3,4,4,0,3,3,5,3,3,4,4,3,3,2,4,4,3,3,5,3,4,2,3,5,2,3,4,3,3,4,4,4,4,3,3,1,4,4,4,3,2,3,4,3,4,2,5,3,4,2,4,2,4,2,3,4,2,5,5,5,3,3,4,4,5,3,4,1,3,2,2,1,2,2,3,3,4,2,2,2,1,3,2,2,3,3,2,1,1,2,2,3,2,2,2,1,3,3,2,1,4,3,2,1,4,3,2,3,2,2,3,3,3,3,2,3,3,3,1,2,3,2,2,3,3,2,3,2,3,4,3,3,3,2,2,1,2,1,1,1,1,2,2,2,1,2,2,1,1,2,1,2,3,1,1,1,2,1,2,2,1,2,3,1,2,2,2,2,0,0,1,1,0,0,0,0,1,0,0,2,2,1,1,2,1,2,1,1,1,1,1,1,0,0,1,0,0,0,1,0,1,1,0,1,0,1,0
"discov",3,1,3,3,2,3,3,4,3,3,3,4,3,0,2,4,4,3,5,5,2,3,4,4,3,3,4,4,4,3,2,2,3,2,3,4,3,4,3,3,3,2,3,3,2,3,3,3,4,4,4,5,4,4,2,5,2,3,2,5,3,5,2,4,4,2,4,4,5,4,3,4,4,5,3,4,1,2,2,2,1,1,4,2,3,4,2,3,3,2,2,1,2,2,2,3,2,2,2,3,2,2,3,2,3,3,3,2,2,4,4,4,1,3,4,3,4,3,4,1,3,4,3,2,3,4,2,3,3,3,2,2,2,1,2,2,2,2,4,2,1,2,2,2,2,1,2,1,1,2,0,1,2,1,2,2,1,1,1,1,1,3,2,0,1,3,0,1,3,1,2,2,0,1,2,3,3,1,2,3,3,2,2,2,1,2,2,2,2,1,1,1,2,0,2,1,1,1,2,1,1,0,0,1,1,0,1,1,1,2,1,1,1,1,2,1
"earli",2,3,4,6,3,3,3,4,3,3,5,2,3,2,0,4,3,3,3,3,3,2,3,5,3,2,2,5,4,5,1,3,3,2,3,2,5,5,6,2,3,4,4,3,4,4,3,3,1,4,4,5,3,3,3,7,2,4,3,5,4,4,2,2,6,4,4,5,4,3,3,5,4,6,2,4,3,3,3,2,3,3,2,3,4,4,4,3,4,3,4,1,2,5,2,4,3,2,2,2,2,1,3,3,4,5,4,3,3,5,4,3,1,5,2,2,3,2,3,3,2,4,3,3,3,2,4,2,3,3,2,4,2,5,5,4,2,4,5,3,3,3,1,2,0,4,1,1,0,1,3,4,1,1,2,2,2,2,2,1,2,3,0,1,2,2,1,3,2,2,3,3,1,3,1,2,1,3,2,2,1,3,1,2,3,1,2,1,3,3,3,3,4,4,3,4,3,2,0,2,2,2,2,2,2,2,1,2,4,3,3,2,3,2,0,2
"effect",3,3,3,6,4,4,5,4,4,6,5,4,5,4,4,0,4,4,5,6,4,3,4,6,5,4,5,6,5,6,3,4,5,3,4,4,6,5,7,4,4,5,4,4,3,5,4,6,5,4,4,6,4,5,3,8,4,6,3,7,4,7,4,5,4,3,7,8,6,5,3,5,6,8,4,7,2,5,4,4,3,2,3,4,5,7,5,3,4,2,4,3,2,5,5,5,4,2,3,3,4,4,4,3,4,6,6,3,2,7,6,5,2,6,6,4,4,4,4,3,5,6,5,4,6,5,6,2,5,4,2,3,3,5,4,6,3,3,7,4,5,5,3,4,2,4,2,3,3,2,3,4,4,3,3,3,2,2,3,3,3,6,2,2,3,5,2,3,5,2,3,5,2,5,3,4,4,1,3,3,3,2,3,2,2,3,3,2,5,3,3,3,4,2,4,2,3,2,2,2,2,1,0,2,2,1,2,2,3,4,3,2,1,2,3,2
"element",2,2,3,4,2,3,2,3,3,3,4,3,3,4,3,4,0,3,4,4,3,3,4,5,4,3,3,4,4,4,1,2,3,2,3,3,3,4,4,3,4,2,3,3,2,4,2,3,3,4,4,5,3,3,2,5,1,3,3,4,3,4,1,3,4,2,4,4,5,4,4,4,5,5,2,4,1,3,2,1,1,1,3,1,2,4,2,3,2,2,3,1,2,2,3,3,2,2,2,3,1,2,3,3,3,4,4,1,2,4,4,3,1,3,3,3,3,2,3,2,2,3,4,3,4,3,3,3,4,2,2,3,1,2,3,3,3,1,4,3,2,3,2,2,2,2,2,1,1,2,1,2,1,1,1,1,1,1,2,1,0,3,2,0,1,2,0,2,2,1,1,2,0,2,1,2,2,1,2,2,2,2,2,2,1,3,2,2,2,1,2,2,2,1,2,2,2,0,1,0,0,0,0,0,1,0,1,0,1,1,0,1,0,1,1,1
"energi",3,2,4,6,6,4,4,2,4,4,5,4,3,3,3,4,3,0,5,5,3,5,5,5,5,4,4,6,6,3,2,5,3,3,5,5,5,7,6,3,5,5,7,3,2,5,4,4,5,3,5,3,5,5,5,8,3,4,4,6,4,5,3,5,3,2,6,6,6,6,4,5,6,6,5,7,4,5,2,3,3,3,3,3,4,7,5,3,3,4,5,5,4,3,3,7,3,5,6,4,4,3,4,2,4,5,5,1,4,6,5,5,4,6,6,4,4,2,3,3,3,5,4,2,5,3,4,3,4,4,4,5,3,5,5,5,3,4,7,3,3,5,4,2,4,4,3,2,2,3,2,5,3,2,2,2,2,5,4,2,3,6,4,2,3,5,3,4,5,4,5,3,3,3,3,4,2,3,2,2,1,1,4,3,4,2,3,2,1,3,2,1,3,3,1,1,1,3,3,2,1,2,2,3,2,2,2,3,3,2,2,1,1,1,2,1
"exist",5,2,4,6,3,4,4,5,3,4,5,5,4,5,3,5,4,5,0,6,3,4,5,6,4,4,5,7,6,5,2,4,4,4,4,5,6,6,4,4,4,4,6,3,3,4,4,4,6,4,5,6,5,5,4,8,3,6,2,8,3,6,3,6,5,3,6,7,8,5,4,7,6,8,5,7,3,4,4,3,2,4,5,3,5,7,5,4,5,2,4,3,4,3,4,6,3,2,4,4,4,3,5,3,4,6,5,3,3,7,6,6,2,6,5,4,6,4,5,4,6,6,4,3,5,5,4,4,3,4,5,4,4,3,3,5,2,5,7,4,2,4,4,4,4,3,5,4,3,4,2,4,4,3,4,5,2,4,2,2,3,5,3,1,3,6,3,2,4,4,5,5,3,4,4,6,5,3,3,4,4,3,3,3,1,3,3,3,2,2,3,2,4,1,2,2,2,3,3,3,3,2,2,3,3,2,3,1,2,3,2,2,2,2,2,2
"expect",4,1,4,5,4,4,5,4,4,5,5,5,4,5,3,6,4,5,6,0,3,4,5,5,4,4,6,6,6,4,2,4,4,3,5,5,5,6,5,4,4,4,5,4,2,5,4,5,5,4,5,5,5,6,4,7,3,5,3,7,4,7,3,5,4,2,6,6,6,6,3,5,6,7,5,6,2,4,3,3,2,2,4,4,5,6,4,4,4,3,4,2,3,3,3,5,3,3,4,4,4,3,5,2,4,5,5,2,3,6,5,5,1,5,6,5,5,3,4,2,4,6,5,2,5,5,4,3,4,5,3,2,3,3,3,4,2,3,6,3,3,4,3,3,3,3,3,2,2,3,1,3,4,2,3,3,2,3,3,2,3,5,3,1,2,5,1,3,5,2,4,4,1,3,3,4,4,2,3,4,3,2,3,3,2,2,3,2,3,2,1,1,3,1,3,1,1,2,2,1,1,0,0,2,1,0,1,2,2,3,2,1,1,1,2,1
"experi",2,3,1,4,3,2,2,3,1,3,3,2,3,2,3,4,3,3,3,3,0,3,2,6,3,2,3,3,4,5,1,2,3,4,2,3,3,5,6,3,4,5,3,2,4,3,4,4,4,3,4,3,1,2,3,6,4,4,3,4,2,4,1,4,3,2,3,5,5,4,2,6,4,4,2,5,1,3,3,0,1,2,2,2,4,4,3,3,2,2,3,2,2,3,3,3,2,1,1,4,1,3,2,2,3,3,4,1,1,4,3,2,1,4,3,2,4,2,3,2,2,4,3,3,3,3,4,2,3,2,1,3,2,3,2,4,2,3,5,4,2,4,3,2,3,5,2,2,2,3,3,2,2,3,4,2,4,2,3,4,2,4,3,1,4,2,2,2,3,2,2,3,2,3,2,2,2,0,1,1,1,2,2,2,2,2,1,2,2,2,3,2,3,2,2,4,3,1,2,2,1,1,0,1,3,1,2,2,3,3,2,3,2,3,2,2
"explain",3,2,3,4,4,2,3,2,3,3,4,4,3,3,2,3,3,5,4,4,3,0,3,5,4,4,3,4,5,3,1,3,3,3,4,5,3,5,4,3,5,3,5,2,2,4,4,2,4,3,4,3,3,4,3,5,3,2,3,4,3,4,1,3,3,2,4,4,5,5,3,4,4,4,3,4,2,2,2,1,2,2,3,2,3,4,3,3,1,3,4,3,3,2,2,4,2,3,3,4,2,3,3,1,3,3,4,1,3,4,3,3,2,3,4,3,4,2,3,2,2,4,3,2,3,3,3,2,3,3,3,3,2,3,3,3,3,3,4,3,2,3,3,2,3,2,2,1,1,3,2,2,1,2,2,1,2,3,3,2,1,3,3,1,2,2,2,2,3,3,3,1,2,1,3,2,2,1,1,1,1,1,2,2,2,1,1,2,0,1,1,0,1,1,0,1,1,1,1,1,0,0,0,1,1,0,1,1,1,1,1,1,1,1,1,1
"explan",2,1,4,5,3,4,3,3,4,4,4,3,2,4,3,4,4,5,5,5,2,3,0,4,3,3,4,5,5,3,1,4,2,2,4,3,5,5,4,2,3,3,5,3,2,4,2,3,4,4,4,4,5,4,4,6,1,4,3,6,4,5,3,4,3,2,5,5,5,5,4,4,6,6,4,5,3,4,2,3,2,2,3,2,3,5,4,3,4,3,3,2,3,2,3,5,3,3,4,3,3,2,4,2,4,5,4,1,3,5,5,5,2,4,4,4,3,2,3,2,3,4,4,2,5,3,3,4,4,3,3,3,2,2,3,4,2,2,5,2,2,4,3,2,3,2,3,2,2,2,0,3,3,1,1,2,1,3,2,1,2,4,2,0,1,4,1,2,3,2,3,3,1,3,1,3,2,3,3,3,2,2,4,3,2,3,3,2,2,1,2,1,3,1,2,1,1,2,2,1,1,1,1,2,2,1,2,1,2,2,1,1,0,1,1,1
"first",4,5,4,8,4,3,3,5,4,5,6,4,4,4,5,6,5,5,6,5,6,5,4,0,6,5,4,6,7,8,2,3,4,5,4,5,6,8,8,4,6,5,6,3,6,5,5,4,6,6,6,7,3,4,4,10,5,5,4,8,5,7,2,6,6,5,6,8,8,6,4,8,6,8,3,8,3,4,6,2,4,4,5,3,6,8,6,5,4,4,6,4,4,6,5,7,5,3,3,6,2,5,5,4,7,7,8,4,4,8,7,6,3,6,6,4,7,5,7,4,5,8,5,6,6,6,7,4,6,4,4,7,3,6,6,7,5,5,9,6,4,5,4,5,4,6,4,4,3,5,5,5,2,5,5,3,4,4,4,5,2,6,4,2,6,5,4,3,5,5,4,4,4,5,5,5,5,2,4,3,4,5,4,4,4,4,4,5,3,3,5,4,4,3,2,5,5,2,2,4,3,3,1,2,5,3,4,2,5,5,4,5,3,5,3,4
"forc",3,3,3,6,4,3,3,2,4,4,5,4,4,3,3,5,4,5,4,4,3,4,3,6,0,5,3,5,4,5,3,3,4,2,4,4,4,5,6,4,5,3,4,3,2,5,3,4,4,4,5,5,3,4,3,7,3,3,3,5,4,5,2,5,4,3,6,5,5,4,4,4,5,6,3,6,1,4,3,2,2,2,2,2,2,6,3,3,1,2,4,4,3,3,4,5,2,3,4,3,2,3,3,3,3,5,5,2,2,5,4,3,3,4,5,3,3,2,3,3,3,4,4,3,5,4,4,2,4,3,3,5,2,5,5,4,4,2,6,3,4,3,2,3,2,3,2,2,2,2,3,5,1,2,1,1,1,2,3,2,1,5,3,3,3,4,2,4,4,3,2,2,2,3,3,4,3,1,2,1,2,2,2,1,3,3,3,2,2,2,2,3,1,2,1,1,2,0,1,1,1,2,1,0,1,2,1,1,2,1,1,1,0,1,2,1
"form",3,2,3,5,3,2,3,2,4,4,4,4,3,3,2,4,3,4,4,4,2,4,3,5,5,0,3,4,4,4,2,3,3,2,4,4,4,4,4,3,4,2,4,2,2,4,3,2,4,4,4,4,3,4,3,5,3,2,2,5,4,5,2,4,3,3,5,4,4,4,3,3,4,5,3,4,1,2,3,2,2,2,2,2,2,4,3,3,1,2,3,3,3,2,3,4,2,2,3,3,2,3,3,1,3,4,4,2,2,4,3,3,2,2,4,3,3,2,3,2,3,4,3,2,4,4,3,2,3,3,3,3,2,3,3,3,3,2,4,2,3,2,2,3,2,1,2,2,2,2,2,3,1,2,1,1,1,2,2,2,1,3,2,2,2,3,2,2,3,3,2,1,2,2,3,3,3,1,2,1,2,2,2,1,2,2,2,2,1,0,1,1,0,0,0,0,1,0,0,1,1,1,0,0,1,1,1,0,1,1,1,1,0,1,1,1
"found",4,1,3,4,3,4,4,3,3,4,4,4,3,4,2,5,3,4,5,6,3,3,4,4,3,3,0,5,5,3,2,3,3,3,4,4,4,5,4,4,3,4,4,4,2,4,3,5,5,3,4,4,4,5,4,6,3,5,3,6,3,6,3,5,3,1,5,5,5,5,2,5,5,6,5,6,1,3,2,2,1,1,3,3,4,5,3,3,3,2,3,1,2,2,2,4,2,2,3,3,3,2,4,1,3,4,4,1,2,5,4,4,0,4,5,4,4,2,3,1,3,5,4,1,4,4,3,2,3,4,2,1,2,2,2,3,1,2,5,2,2,3,2,2,3,3,3,2,2,3,1,3,4,2,3,3,2,3,3,2,3,5,3,1,2,5,1,3,5,2,4,4,1,3,3,4,4,2,3,4,3,2,3,3,2,2,3,2,3,2,1,1,3,1,3,1,1,2,2,1,1,0,0,2,1,0,1,2,2,3,2,1,1,1,2,1
"galaxi",5,3,5,8,4,6,5,4,4,4,7,5,5,4,5,6,4,6,7,6,3,4,5,6,5,4,5,0,6,5,2,5,5,3,5,5,6,6,5,5,5,6,7,5,2,6,4,5,5,3,4,6,6,6,5,9,3,7,4,8,4,6,4,5,6,3,8,8,8,5,5,7,7,9,6,8,4,5,3,4,3,4,4,4,5,8,5,3,5,3,6,3,4,5,4,6,3,3,5,3,5,2,5,3,4,7,6,3,4,8,7,6,2,7,5,4,5,3,4,5,5,6,5,3,6,4,5,3,4,5,5,5,4,5,5,6,3,5,8,4,4,5,3,3,3,4,4,3,2,3,3,6,4,2,3,4,1,5,4,1,4,6,2,1,2,6,3,4,4,4,6,6,3,5,4,5,4,4,3,4,3,2,3,3,2,3,3,2,3,4,3,2,5,3,3,2,2,4,2,3,3,2,2,4,2,2,2,2,2,3,3,1,2,1,1,1
"give",4,3,5,6,5,3,4,4,4,5,6,4,3,4,4,5,4,6,6,6,4,5,5,7,4,4,5,6,0,5,1,4,3,5,5,5,6,8,6,3,5,4,7,3,4,5,4,4,5,4,5,5,4,5,4,8,3,5,4,7,4,6,2,4,4,3,5,7,7,7,3,6,6,7,4,7,4,4,4,2,4,3,5,3,6,7,6,4,4,4,6,3,3,4,3,7,5,4,4,5,3,4,6,3,6,6,7,2,5,7,6,6,2,6,6,5,6,4,5,3,4,7,5,4,5,4,6,3,5,4,4,4,2,5,5,6,3,4,7,5,3,5,4,4,4,5,4,3,2,5,3,4,3,4,4,3,3,5,4,3,2,5,4,1,4,5,3,3,5,4,5,4,3,4,4,4,4,3,4,4,3,3,4,5,3,2,4,4,2,3,3,2,4,3,2,3,3,3,2,2,1,1,1,3,3,1,3,2,4,4,3,3,2,3,2,3
"graviti",3,4,3,7,3,2,3,5,3,5,5,3,4,3,5,6,4,3,5,4,5,3,3,8,5,4,3,5,5,0,2,3,4,4,3,3,6,6,7,3,4,4,4,2,5,4,4,4,4,5,5,6,2,3,3,8,4,5,2,7,4,6,2,5,5,5,5,7,6,4,3,6,5,7,2,6,2,4,6,2,3,4,3,3,5,6,5,4,4,2,4,3,3,5,5,5,4,1,2,4,2,4,4,4,5,6,6,4,2,6,5,4,2,5,4,3,5,4,5,4,5,6,4,5,5,5,6,3,4,3,3,5,3,5,4,6,3,4,7,5,4,4,3,5,2,5,3,4,3,3,4,4,2,4,4,3,3,2,2,4,2,4,2,2,5,4,3,2,3,3,2,4,3,5,3,4,4,1,3,2,3,4,2,2,2,3,3,3,3,2,4,4,3,2,2,4,4,1,1,3,3,3,1,1,4,3,3,1,4,4,3,4,2,4,2,3
"hot",2,2,1,2,2,2,2,2,2,2,1,2,2,2,1,3,1,2,2,2,1,1,1,2,3,2,2,2,1,2,0,1,2,2,1,2,2,2,4,2,1,2,1,2,3,1,2,4,3,2,2,3,2,2,1,5,3,2,1,3,2,3,3,5,2,2,3,3,2,1,1,3,1,4,2,4,0,1,1,2,1,0,1,1,1,4,1,0,1,0,0,3,0,2,1,2,1,1,1,0,1,1,0,2,2,2,2,2,0,3,2,2,2,2,3,0,1,2,2,0,2,3,0,2,1,2,1,0,1,1,1,3,1,2,2,1,1,2,3,0,1,0,0,1,0,1,0,2,2,0,2,3,1,1,1,1,0,0,0,1,1,4,1,3,3,3,1,2,3,2,1,1,1,2,2,4,2,0,1,1,2,1,1,0,2,1,2,1,3,2,1,3,1,2,1,0,1,1,2,2,2,2,2,1,1,2,1,2,3,2,2,1,1,1,3,1
"howev",2,1,3,5,4,3,4,2,3,4,4,3,3,2,3,4,2,5,4,4,2,3,4,3,3,3,3,5,4,3,1,0,3,2,4,3,5,4,4,2,3,4,5,2,1,4,3,3,3,2,3,2,4,4,4,5,2,4,2,5,3,4,3,3,2,2,5,5,4,4,3,3,5,5,4,4,3,4,2,3,2,3,1,3,3,4,4,2,3,2,3,3,3,2,3,4,2,2,4,2,4,2,3,1,2,4,3,1,2,4,3,3,2,4,3,3,2,1,1,3,3,3,3,1,4,2,3,2,2,3,3,2,3,3,2,4,1,3,4,2,3,4,3,2,2,2,2,2,2,1,1,3,3,1,1,2,1,3,2,1,3,3,1,1,1,3,2,2,2,2,3,3,2,3,1,2,1,2,1,1,0,0,2,1,1,1,1,0,1,1,1,0,2,1,1,0,0,2,1,1,1,1,1,2,1,1,1,1,1,1,1,0,0,0,0,0
"interact",3,2,2,4,3,3,4,3,2,3,4,4,5,3,3,5,3,3,4,4,3,3,2,4,4,3,3,5,3,4,2,3,0,2,3,4,3,3,4,4,4,4,3,3,1,4,4,4,3,2,3,4,3,4,2,5,3,4,2,4,2,4,2,3,4,2,5,5,5,3,3,4,4,5,3,4,1,3,2,2,1,2,2,3,3,4,2,2,2,1,3,2,2,3,3,2,1,1,2,2,3,2,2,2,1,3,3,2,1,4,3,2,1,4,3,2,3,2,2,3,3,3,3,2,3,3,3,1,2,3,2,2,3,3,2,3,2,3,4,3,3,3,2,2,1,2,1,1,1,1,2,2,2,1,2,2,1,1,2,1,2,3,1,1,1,2,1,2,2,1,2,3,1,2,2,2,2,0,0,1,1,0,0,0,0,1,0,0,2,2,1,1,2,1,2,1,1,1,1,1,1,0,0,1,0,0,0,1,0,1,1,0,1,0,1,0
"keep",3,3,2,3,3,1,2,3,1,3,3,2,2,2,2,3,2,3,4,3,4,3,2,5,2,2,3,3,5,4,2,2,2,0,2,3,4,5,5,2,3,3,4,1,5,2,3,4,4,2,3,3,1,2,2,6,3,4,2,4,1,3,1,4,2,2,2,5,5,4,1,6,3,5,2,5,2,2,3,0,2,2,3,1,4,5,4,2,2,1,3,3,1,2,2,4,3,1,1,3,1,3,3,3,4,4,5,1,2,5,3,3,1,4,3,2,4,3,3,2,3,5,2,4,2,2,4,1,2,1,3,3,1,3,2,4,1,4,4,4,1,3,3,3,3,4,3,4,3,4,4,3,2,4,4,3,3,3,2,3,1,4,3,2,5,3,3,2,3,4,3,3,3,4,3,4,3,1,2,2,2,2,2,3,1,1,2,3,2,2,3,3,3,3,1,3,3,2,2,2,1,1,2,2,3,1,3,1,4,3,2,3,2,3,2,3
"known",3,1,4,5,4,3,4,2,4,4,5,4,3,3,3,4,3,5,4,5,2,4,4,4,4,4,4,5,5,3,1,4,3,2,0,4,4,5,4,3,4,3,5,3,1,5,3,3,3,3,4,3,4,5,4,5,2,3,3,5,4,5,2,3,3,2,5,4,4,5,3,3,5,5,4,4,2,3,2,2,2,2,2,3,3,4,3,3,2,3,4,2,3,2,2,4,2,3,4,3,3,2,4,1,3,4,4,1,3,4,3,3,1,3,4,4,3,1,2,2,2,4,4,1,4,3,3,2,3,4,3,2,2,3,3,3,2,2,4,2,3,3,2,2,2,2,2,1,1,2,1,3,2,1,1,1,1,3,3,1,2,3,2,1,1,3,1,3,3,2,3,2,1,2,2,2,2,2,2,2,1,1,2,2,2,1,2,1,1,1,0,0,1,1,1,0,0,1,0,0,0,0,0,1,0,0,0,1,1,1,1,0,0,0,0,0
"larg",4,2,3,4,4,3,4,3,3,3,4,5,4,4,2,4,3,5,5,5,3,5,3,5,4,4,4,5,5,3,2,3,4,3,4,0,3,5,4,4,5,4,5,3,2,4,5,3,5,3,4,4,4,5,3,6,4,3,3,5,3,5,2,4,4,2,5,5,6,5,3,5,4,5,4,5,2,2,2,2,2,2,4,3,4,5,3,3,2,3,4,3,3,3,2,4,2,3,3,4,3,3,3,1,3,3,4,2,3,5,4,4,2,4,5,3,5,3,4,2,3,5,3,2,3,4,3,2,3,4,3,3,3,3,3,3,3,4,5,3,2,3,3,2,3,2,2,1,1,3,2,2,2,2,3,2,2,3,3,2,2,4,3,1,2,3,2,2,4,3,4,2,2,1,4,3,3,1,1,2,2,1,2,2,2,1,1,2,1,2,1,0,2,1,1,1,1,2,2,2,1,0,0,2,1,0,1,2,1,2,2,1,2,1,2,1
"light",3,3,4,7,4,3,4,4,4,6,5,3,3,3,5,6,3,5,6,5,3,3,5,6,4,4,4,6,6,6,2,5,3,4,4,3,0,6,7,2,3,4,6,2,5,4,3,4,5,5,5,6,4,4,4,9,3,6,2,8,4,6,4,5,4,4,6,8,6,5,3,6,6,9,4,7,4,5,5,4,4,4,3,3,5,7,8,4,5,2,4,4,3,4,5,8,5,2,4,3,4,4,5,3,5,8,6,3,3,8,6,6,3,7,5,4,4,4,4,4,6,6,4,4,6,4,6,3,4,3,4,4,3,6,5,7,2,5,7,4,4,5,4,5,3,4,4,5,4,3,4,6,4,4,3,5,3,4,2,3,3,6,2,3,4,6,4,3,5,5,5,5,4,6,3,6,4,4,4,3,3,4,4,3,3,3,4,3,4,2,5,4,5,3,3,3,4,3,2,3,3,3,3,3,4,3,4,1,5,4,3,3,2,3,2,4
"made",4,3,5,7,6,3,4,5,4,5,6,4,3,4,5,5,4,7,6,6,5,5,5,8,5,4,5,6,8,6,2,4,3,5,5,5,6,0,8,3,5,5,7,3,5,5,5,5,5,5,7,5,4,5,5,10,4,5,4,8,5,7,2,6,5,4,5,7,7,7,3,7,6,7,4,8,4,5,5,2,4,4,5,4,7,8,6,5,5,5,6,4,4,5,3,8,5,5,5,6,3,4,6,4,7,6,7,3,5,7,6,6,3,7,7,5,7,4,6,3,4,8,5,4,5,5,6,4,5,5,4,6,3,6,6,6,3,5,9,5,3,5,4,4,4,7,4,3,2,5,3,5,3,4,5,3,4,5,4,4,3,6,5,2,6,6,3,4,6,4,5,4,3,4,4,5,4,3,4,4,3,4,4,5,5,2,5,4,2,4,3,3,4,4,2,4,3,3,3,3,2,3,2,3,4,3,3,4,6,5,4,4,3,4,3,3
"make",2,4,3,7,6,3,4,4,4,6,5,3,4,3,6,7,4,6,4,5,6,4,4,8,6,4,4,5,6,7,4,4,4,5,4,4,7,8,0,3,5,6,5,3,7,5,5,7,5,6,7,6,3,4,4,12,5,5,4,7,5,7,3,7,5,4,6,8,6,6,3,8,6,9,3,8,3,6,5,3,4,3,3,4,6,9,7,5,4,4,5,6,3,6,5,8,5,4,4,5,3,5,4,5,7,8,8,3,3,9,6,5,4,8,7,4,5,4,5,3,4,8,5,6,6,5,7,3,6,4,3,7,3,8,7,7,4,6,9,5,5,6,4,4,3,7,2,4,4,3,6,7,3,4,4,3,5,3,4,5,3,9,4,5,7,5,3,6,7,5,4,4,3,6,3,6,3,2,3,2,2,4,4,3,6,3,4,3,6,4,5,6,5,6,4,5,5,2,3,3,2,3,3,2,4,3,3,4,8,5,4,4,3,4,4,4
"mass",4,2,2,4,2,4,3,2,2,2,4,4,4,3,2,4,3,3,4,4,3,3,2,4,4,3,4,5,3,3,2,2,4,2,3,4,2,3,3,0,4,4,3,4,1,4,3,4,4,2,3,4,3,4,3,5,3,4,3,4,2,4,2,4,4,1,5,4,5,3,3,5,4,5,4,5,0,2,1,1,0,1,2,2,2,4,1,2,1,1,3,1,2,2,2,2,0,1,2,2,2,1,2,1,1,3,3,1,1,4,3,2,0,3,3,2,3,1,2,2,2,3,3,1,3,3,2,1,2,3,2,2,2,2,2,2,2,2,4,2,2,2,1,1,2,2,2,1,1,2,2,3,2,1,2,2,1,2,3,1,2,4,2,1,1,3,1,3,3,2,3,3,1,2,3,3,3,1,1,2,2,1,1,1,1,2,1,1,2,2,1,1,2,1,2,1,1,1,1,1,1,0,0,1,0,0,0,1,0,1,1,0,1,0,1,0
"matter",3,3,3,5,4,3,3,2,3,3,5,4,4,3,3,4,4,5,4,4,4,5,3,6,5,4,3,5,5,4,1,3,4,3,4,5,3,5,5,4,0,4,5,3,2,5,4,3,4,3,4,4,3,4,3,6,3,3,4,4,3,4,1,3,4,2,5,5,6,5,4,5,5,5,3,5,2,3,2,1,2,2,3,2,3,5,3,3,1,3,5,3,3,3,3,4,2,3,3,4,2,3,3,2,3,4,5,1,3,5,4,3,2,4,4,3,4,2,3,3,2,4,4,3,4,3,4,2,4,3,3,4,2,4,4,4,4,3,5,4,3,4,3,2,3,3,2,1,1,3,3,3,1,2,2,1,2,3,4,2,1,4,3,1,2,2,2,3,3,3,3,2,2,2,3,2,2,1,1,1,1,1,2,2,2,2,1,2,1,2,2,1,2,2,1,2,2,1,1,1,0,0,0,1,1,0,1,1,1,1,1,1,1,1,1,1
"may",3,3,2,6,4,5,4,3,2,3,4,3,4,2,4,5,2,5,4,4,5,3,3,5,3,2,4,6,4,4,2,4,4,3,3,4,4,5,6,4,4,0,5,4,3,4,5,5,5,2,3,3,4,4,5,8,5,6,4,6,3,5,4,5,4,2,6,7,6,4,3,7,5,6,5,7,3,4,2,3,2,3,2,4,5,6,4,2,4,3,4,3,3,5,3,4,2,2,3,3,4,2,2,1,3,4,4,2,2,6,5,4,2,6,4,2,4,2,3,3,3,5,3,2,4,3,4,2,3,4,2,4,4,4,3,5,2,5,7,3,3,5,3,1,3,5,2,2,2,2,3,4,4,2,4,3,3,4,4,3,5,6,2,1,3,4,3,3,4,3,5,5,3,4,3,3,2,2,1,2,1,1,3,2,3,2,1,1,3,4,3,1,5,3,3,3,2,4,3,4,3,2,1,4,3,2,2,4,3,4,4,2,3,2,2,1
"mean",4,3,5,7,5,4,4,3,4,4,6,4,3,3,4,4,3,7,6,5,3,5,5,6,4,4,4,7,7,4,1,5,3,4,5,5,6,7,5,3,5,5,0,3,3,5,4,3,5,3,4,4,5,5,5,8,3,5,4,7,4,5,3,4,4,3,6,7,7,6,4,6,6,7,5,7,5,4,3,3,4,4,4,3,5,7,6,3,4,4,6,4,4,4,3,7,4,4,5,4,4,3,5,2,5,6,6,2,5,7,6,6,3,6,5,4,5,3,4,4,4,6,4,3,5,3,5,3,4,4,5,5,3,5,5,6,3,5,7,4,3,5,4,3,4,4,4,3,2,4,3,5,3,3,3,3,2,6,4,2,3,5,3,1,3,5,4,3,4,5,6,4,4,4,4,4,3,4,3,3,2,2,4,4,3,2,3,3,1,3,3,1,4,3,1,2,2,4,2,3,2,2,2,4,3,2,3,2,3,3,3,2,2,2,1,2
"measur",3,2,3,4,2,5,3,2,3,2,4,3,3,3,3,4,3,3,3,4,2,2,3,3,3,2,4,5,3,2,2,2,3,1,3,3,2,3,3,4,3,4,3,0,1,4,2,4,3,2,2,4,4,4,3,5,2,4,4,4,3,4,3,3,4,1,5,4,4,3,3,4,4,5,4,5,1,2,0,2,1,0,2,2,2,4,1,1,2,2,3,0,1,3,1,2,1,2,2,1,2,0,2,1,2,3,3,1,2,4,4,3,0,3,3,2,2,1,2,1,1,3,3,1,3,2,2,1,3,3,1,2,1,2,3,2,2,1,4,1,2,2,0,0,1,2,1,0,0,1,1,3,2,0,1,1,0,2,3,0,2,4,1,0,0,3,0,3,3,1,3,3,0,2,2,2,2,2,2,3,2,1,2,2,2,2,2,1,3,3,1,1,3,2,3,1,1,2,1,1,1,0,0,2,0,0,0,2,1,2,2,0,1,0,1,0
"minut",2,4,2,4,2,1,1,4,2,3,2,1,1,2,4,3,2,2,3,2,4,2,2,6,2,2,2,2,4,5,3,1,1,5,1,2,5,5,7,1,2,3,3,1,0,1,3,3,4,5,4,5,1,1,2,8,4,3,2,5,3,4,2,5,4,4,2,5,4,3,1,7,2,6,1,5,2,1,4,1,3,2,3,1,4,5,5,3,3,2,2,3,1,4,2,5,4,1,0,3,0,3,2,3,6,5,5,3,2,6,4,4,2,4,3,1,4,4,5,1,3,6,1,5,2,3,4,2,3,1,2,5,1,4,4,4,2,5,5,3,1,2,2,3,2,4,2,4,3,3,5,4,1,4,4,3,4,2,1,4,1,5,2,3,6,3,3,2,4,5,3,2,3,4,3,5,3,2,3,2,3,5,3,3,4,2,3,4,4,2,5,5,4,4,2,5,5,2,2,4,3,3,3,2,5,3,4,2,7,5,4,5,4,5,3,5
"model",3,2,4,6,4,4,4,2,4,4,6,4,4,3,4,5,4,5,4,5,3,4,4,5,5,4,4,6,5,4,1,4,4,2,5,4,4,5,5,4,5,4,5,4,1,0,3,4,3,3,4,4,4,5,4,6,2,4,4,5,4,5,2,3,4,2,6,5,5,5,4,4,6,6,4,5,2,4,2,2,2,2,2,3,3,5,3,3,2,3,5,2,3,3,3,4,2,3,4,3,3,2,4,2,3,5,5,1,3,5,4,3,1,4,4,4,3,1,2,3,2,4,5,2,5,3,4,2,4,4,3,3,2,4,4,4,3,2,5,3,4,4,2,2,2,3,2,1,1,2,2,4,2,1,1,1,1,3,4,1,2,4,2,1,1,3,1,4,3,2,3,3,1,3,2,2,2,2,2,2,1,1,2,2,2,2,2,1,2,2,1,1,2,2,2,1,1,1,0,0,0,0,0,1,0,0,0,1,1,1,1,0,0,0,0,0
"motion",3,2,2,4,4,2,4,4,2,3,3,4,4,3,3,4,2,4,4,4,4,4,2,5,3,3,3,4,4,4,2,3,4,3,3,5,3,5,5,3,4,5,4,2,3,3,0,3,4,3,4,3,3,4,3,6,5,3,2,5,3,5,2,4,4,3,4,5,5,4,2,5,3,4,3,4,2,2,3,2,2,3,3,4,5,4,3,3,3,3,3,3,3,4,2,3,2,2,2,4,3,3,2,1,3,2,3,3,2,4,3,3,2,4,4,2,5,3,4,2,3,5,2,2,2,4,3,2,2,4,2,3,4,3,2,3,2,5,5,3,2,3,3,2,2,3,1,1,1,2,2,1,2,2,4,2,3,2,2,3,3,3,2,1,3,2,2,1,3,2,3,2,2,1,3,2,2,0,0,1,1,1,1,1,2,0,0,1,1,2,1,0,2,1,1,2,1,2,2,3,2,1,0,2,2,1,1,3,2,3,3,2,3,2,2,1
"move",3,2,2,4,4,4,4,3,2,4,4,3,4,3,3,6,3,4,4,5,4,2,3,4,4,2,5,5,4,4,4,3,4,4,3,3,4,5,7,4,3,5,3,4,3,4,3,0,4,2,4,4,3,4,3,8,3,6,3,5,2,5,3,6,3,1,5,6,5,4,2,6,5,7,4,7,1,5,2,2,1,1,2,3,4,7,3,2,3,1,3,3,1,3,3,4,2,2,3,2,3,2,3,4,3,5,5,1,1,6,4,3,1,6,5,3,3,2,2,2,3,5,4,3,4,3,4,1,3,3,2,3,2,4,3,4,1,3,6,3,3,4,2,2,2,5,2,3,3,2,3,5,4,2,3,3,2,2,3,2,3,7,3,3,4,5,1,5,5,2,3,5,1,5,2,5,3,1,2,3,2,1,2,2,2,2,3,1,5,4,2,4,4,4,4,2,2,2,3,1,1,1,2,2,1,1,1,3,4,3,2,1,1,1,3,1
"must",4,3,2,5,3,4,3,3,3,4,3,4,3,4,1,5,3,5,6,5,4,4,4,6,4,4,5,5,5,4,3,3,3,4,3,5,5,5,5,4,4,5,5,3,4,3,4,4,0,4,4,5,4,4,4,8,5,5,3,7,3,6,4,7,3,2,6,7,7,5,3,7,5,7,5,8,2,3,3,3,2,2,4,2,4,7,5,3,3,2,3,4,3,3,4,6,3,2,3,4,3,4,3,1,4,5,5,2,2,7,6,6,3,5,6,3,5,4,5,2,5,6,3,3,5,5,4,3,4,3,3,4,3,3,3,5,3,4,7,3,2,4,4,3,5,3,4,4,4,4,3,4,4,4,4,4,3,4,3,4,3,7,4,2,4,6,4,2,6,5,5,4,4,4,5,6,5,2,3,3,4,3,5,3,3,4,3,4,3,2,4,2,4,1,2,2,3,3,4,4,3,2,1,3,4,2,4,2,3,4,3,3,2,3,4,3
"name",2,2,3,5,2,2,2,4,4,4,3,3,2,4,4,4,4,3,4,4,3,3,4,6,4,4,3,3,4,5,2,2,2,2,3,3,5,5,6,2,3,2,3,2,5,3,3,2,4,0,6,6,3,3,3,7,3,2,2,6,5,6,2,5,5,4,4,4,4,4,3,5,4,6,2,4,1,2,4,2,2,2,3,2,3,4,4,5,3,3,2,2,3,3,3,5,3,2,2,4,1,3,3,2,5,5,4,3,2,5,4,4,2,3,4,3,4,3,5,1,3,5,3,3,4,5,3,4,4,3,2,4,2,3,4,3,3,3,5,2,2,2,2,3,2,2,2,2,2,2,2,3,1,2,2,2,3,1,1,3,1,4,2,2,3,3,1,2,4,3,2,1,1,2,2,4,3,2,3,2,3,5,3,2,4,3,3,3,3,0,3,3,2,1,2,3,3,0,1,2,2,2,1,0,3,2,2,1,4,3,2,3,2,3,2,3
"need",3,1,3,5,4,2,3,4,3,4,4,4,3,4,4,4,4,5,5,5,4,4,4,6,5,4,4,4,5,5,2,3,3,3,4,4,5,7,7,3,4,3,4,2,4,4,4,4,4,6,0,5,3,4,4,8,3,3,2,6,4,6,1,6,5,3,4,4,5,5,3,6,5,6,3,5,1,4,4,1,1,3,3,3,4,5,4,6,3,3,3,3,4,2,3,6,2,3,4,5,2,3,4,3,4,5,4,2,2,5,3,3,2,5,5,4,5,2,4,2,3,5,4,2,4,5,3,4,3,4,3,4,3,4,4,3,2,4,6,3,2,3,3,3,3,4,3,2,2,3,2,4,2,2,3,3,4,2,2,3,2,5,4,3,4,4,1,4,5,3,3,2,1,2,2,5,3,2,2,2,2,4,2,2,4,2,3,2,2,1,2,3,2,2,2,3,2,0,2,1,1,2,2,0,2,2,1,2,4,2,1,2,2,2,2,2
"new",4,4,4,6,2,4,3,5,4,4,5,4,4,5,5,6,5,3,6,5,3,3,4,7,5,4,4,6,5,6,3,2,4,3,3,4,6,5,6,4,4,3,4,4,5,4,3,4,5,6,5,0,4,4,2,9,3,5,3,7,4,6,3,5,7,4,6,7,7,4,4,7,5,9,3,7,2,3,4,3,3,2,5,2,4,7,5,4,4,2,4,2,2,5,4,6,4,2,2,3,2,3,4,4,5,7,6,4,3,8,7,6,2,6,5,3,5,5,6,3,5,6,4,5,5,5,5,3,5,3,3,5,2,5,6,5,4,4,7,4,3,3,2,4,2,3,3,3,2,3,4,5,2,3,3,4,2,2,2,2,1,6,2,2,3,5,2,3,5,4,4,4,2,4,4,6,5,3,4,4,5,5,3,3,3,4,4,4,5,3,5,5,5,3,4,4,5,2,2,3,3,2,2,2,3,2,3,1,4,4,3,3,3,3,3,4
"number",3,1,4,5,3,5,4,3,4,3,4,4,3,4,3,4,3,5,5,5,1,3,5,3,3,3,4,6,4,2,2,4,3,1,4,4,4,4,3,3,3,4,5,4,1,4,3,3,4,3,3,4,0,5,4,6,2,4,3,6,4,5,4,4,4,2,6,5,5,4,4,4,5,6,5,5,3,3,1,4,2,2,3,3,3,5,3,2,4,3,3,2,3,3,2,4,2,3,4,2,4,1,3,1,3,4,3,2,3,5,5,5,2,4,4,3,3,2,3,2,3,4,3,1,4,3,2,3,3,4,3,3,3,2,3,3,2,3,5,1,2,3,2,1,2,1,2,1,1,1,0,3,3,0,1,2,0,3,2,0,3,4,1,0,0,4,1,2,3,2,4,3,1,2,2,3,2,3,2,3,2,1,3,2,2,2,2,1,2,2,1,0,3,1,2,0,0,3,2,2,2,1,1,3,1,1,1,2,1,2,2,0,1,0,1,0
"observ",4,1,4,5,4,4,5,3,4,4,5,5,4,4,3,5,3,5,5,6,2,4,4,4,4,4,5,6,5,3,2,4,4,2,5,5,4,5,4,4,4,4,5,4,1,5,4,4,4,3,4,4,5,0,4,6,3,4,3,6,4,6,3,4,4,2,6,5,5,5,3,4,5,6,5,5,2,3,2,3,2,2,3,4,4,5,3,3,3,3,4,2,3,3,2,4,2,3,4,3,4,2,4,1,3,4,4,2,3,5,4,4,1,4,5,4,4,2,3,2,3,5,4,1,4,4,3,2,3,5,3,2,3,3,3,3,2,3,5,2,3,3,2,2,2,2,2,1,1,2,1,3,3,1,2,2,1,3,3,1,3,4,2,1,1,4,1,3,4,2,4,3,1,2,3,3,3,2,2,3,2,1,2,2,2,1,2,1,2,2,0,0,2,1,2,0,0,2,1,1,1,0,0,2,0,0,0,2,1,2,2,0,1,0,1,0
"occur",3,1,3,6,3,4,3,2,3,3,4,3,2,2,3,3,2,5,4,4,3,3,4,4,3,3,4,5,4,3,1,4,2,2,4,3,4,5,4,3,3,5,5,3,2,4,3,3,4,3,4,2,4,4,0,6,3,4,3,6,4,5,3,5,3,2,5,4,4,4,3,5,5,5,5,5,2,3,2,2,1,3,1,3,3,4,3,3,3,3,3,2,4,2,2,4,1,2,4,3,3,1,3,0,3,4,3,1,2,4,3,3,1,3,3,3,3,0,2,2,2,4,3,0,4,3,2,3,2,4,3,3,3,2,2,3,1,3,5,1,2,3,2,1,3,3,3,2,2,2,1,4,3,1,2,2,2,4,3,2,4,4,2,1,2,4,2,3,3,3,4,3,2,3,2,3,2,3,2,2,1,2,3,2,3,2,2,1,1,1,1,0,2,1,1,1,0,2,1,2,2,2,1,2,2,2,1,2,2,2,2,1,1,1,0,0
"one",5,5,5,10,6,6,5,6,5,6,7,5,5,5,7,8,5,8,8,7,6,5,6,10,7,5,6,9,8,8,5,5,5,6,5,6,9,10,12,5,6,8,8,5,8,6,6,8,8,7,8,9,6,6,6,0,6,8,5,11,6,9,5,10,8,5,9,11,10,7,5,12,8,13,6,12,5,7,6,5,5,5,6,5,8,13,9,6,7,5,7,7,5,8,6,11,6,5,6,6,5,5,6,6,9,11,10,5,5,13,10,9,5,11,9,5,8,6,8,5,7,11,6,7,8,7,8,5,7,6,6,10,5,9,9,9,5,9,13,6,5,7,5,5,5,8,5,6,5,5,7,10,5,5,6,6,5,6,5,5,5,12,5,5,8,9,5,7,9,8,8,7,5,8,6,10,6,5,5,5,5,6,6,5,7,5,6,5,7,6,7,7,8,7,5,6,6,5,5,6,5,5,5,5,6,5,5,5,9,7,6,5,5,5,5,5
"orbit",3,3,1,4,3,2,3,3,2,3,2,3,3,2,2,4,1,3,3,3,4,3,1,5,3,3,3,3,3,4,3,2,3,3,2,4,3,4,5,3,3,5,3,2,4,2,5,3,5,3,3,3,2,3,3,6,0,3,2,5,3,5,3,5,3,3,4,5,4,3,1,5,2,4,3,5,1,1,3,2,2,2,2,3,4,4,3,2,2,2,2,3,2,4,2,3,2,1,1,3,2,3,1,0,3,2,3,3,1,4,3,3,2,3,4,1,4,3,4,1,3,5,1,2,2,4,3,1,2,3,1,3,3,3,2,3,2,4,5,2,2,2,2,2,2,3,1,2,2,2,3,2,2,3,4,2,3,2,2,4,3,4,2,2,4,3,3,1,4,3,3,2,3,2,4,3,3,0,1,1,2,2,2,1,3,1,1,2,2,2,2,1,2,1,1,2,2,2,2,4,3,2,0,2,3,2,2,3,3,4,4,3,3,3,3,2
"origin",4,3,3,6,3,5,4,4,2,4,5,3,4,3,4,6,3,4,6,5,4,2,4,5,3,2,5,7,5,5,2,4,4,4,3,3,6,5,5,4,3,6,5,4,3,4,3,6,5,2,3,5,4,4,4,8,3,0,3,7,2,5,4,5,4,2,6,8,7,4,3,7,6,8,5,8,3,5,3,3,2,3,3,3,5,7,5,2,5,1,4,2,2,4,4,5,3,1,3,2,4,2,4,3,3,6,5,2,2,7,6,5,1,7,4,3,4,3,3,4,5,5,4,3,5,3,5,2,3,3,3,3,3,4,3,6,1,4,7,4,3,5,3,3,3,5,4,4,3,3,3,5,5,3,4,5,2,4,3,2,4,6,2,1,3,6,3,3,4,3,5,7,3,6,3,5,4,3,3,4,3,2,3,3,1,3,3,2,4,4,4,3,6,3,4,3,3,4,3,3,3,2,2,4,3,2,3,2,3,4,3,2,2,2,2,2
"physic",2,3,3,4,3,4,2,1,3,2,4,2,2,2,3,3,3,4,2,3,3,3,3,4,3,2,3,4,4,2,1,2,2,2,3,3,2,4,4,3,4,4,4,4,2,4,2,3,3,2,2,3,3,3,3,5,2,3,0,3,3,3,2,2,3,1,4,4,4,4,3,4,4,4,3,5,2,2,0,1,2,0,2,1,2,4,2,1,1,3,4,1,1,3,1,3,2,3,2,2,1,1,2,1,3,3,4,0,3,4,4,3,1,3,3,2,2,1,2,1,0,3,3,2,3,1,3,1,4,2,1,3,0,3,4,3,3,1,4,2,2,3,1,0,2,3,1,0,0,2,2,3,1,1,1,0,1,3,4,1,1,4,2,0,1,2,1,3,3,2,3,2,1,2,2,1,1,2,2,2,1,1,3,3,3,2,2,2,2,3,2,1,3,3,2,2,2,2,1,1,0,0,0,2,1,0,1,2,2,2,2,1,1,1,1,1
"possibl",5,3,5,9,4,5,5,6,5,6,6,5,4,5,5,7,4,6,8,7,4,4,6,8,5,5,6,8,7,7,3,5,4,4,5,5,8,8,7,4,4,6,7,4,5,5,5,5,7,6,6,7,6,6,6,11,5,7,3,0,6,9,5,8,6,5,8,9,8,6,4,8,7,10,6,9,4,5,6,5,4,5,5,5,7,9,7,5,7,4,5,4,5,6,5,8,5,3,5,5,5,4,6,3,7,8,7,5,4,9,8,8,3,7,7,5,7,5,7,4,7,9,5,4,7,7,6,5,5,6,5,6,5,5,5,7,3,6,10,4,4,5,4,5,4,5,5,5,4,4,3,6,5,4,5,5,3,5,3,4,5,7,3,2,5,8,4,3,6,5,6,6,4,6,5,7,6,4,5,5,5,5,5,4,4,4,5,4,4,3,4,3,5,2,3,3,3,4,3,5,5,4,2,4,5,4,4,3,5,6,5,4,3,4,3,3
"predict",2,2,4,6,3,3,3,3,5,4,4,3,2,3,4,4,3,4,3,4,2,3,4,5,4,4,3,4,4,4,2,3,2,1,4,3,4,5,5,2,3,3,4,3,3,4,3,2,3,5,4,4,4,4,4,6,3,2,3,6,0,6,3,4,4,4,5,4,3,4,3,3,4,5,3,4,2,2,3,3,3,2,2,3,3,4,3,3,3,4,3,2,3,4,2,4,3,3,3,3,2,2,3,1,5,4,4,3,3,4,4,4,2,2,4,3,3,2,4,1,2,5,3,2,4,4,3,3,4,4,2,4,2,3,4,3,3,2,5,1,3,2,1,2,1,2,1,1,1,1,1,3,1,1,1,0,1,2,2,2,2,3,1,1,2,3,1,2,3,2,2,1,1,2,2,2,2,2,3,2,2,3,3,2,4,2,3,2,2,1,1,1,1,1,1,1,1,1,0,2,2,2,0,1,2,2,1,2,3,3,3,2,1,2,1,1
"provid",4,2,4,7,4,4,5,5,5,6,5,5,4,5,4,7,4,5,6,7,4,4,5,7,5,5,6,6,6,6,3,4,4,3,5,5,6,7,7,4,4,5,5,4,4,5,5,5,6,6,6,6,5,6,5,9,5,5,3,9,6,0,4,7,5,4,7,7,6,6,3,6,6,8,5,7,2,4,5,4,3,3,4,5,6,7,5,5,5,4,4,3,4,5,4,6,4,3,4,5,4,4,5,2,6,6,6,4,3,7,6,6,2,5,7,5,6,4,6,2,5,8,5,3,6,7,5,4,5,6,3,4,4,4,4,5,3,4,8,3,4,4,3,4,3,4,3,3,3,3,2,4,4,3,4,3,3,3,3,4,4,6,3,2,4,6,2,3,6,3,4,4,2,4,4,5,5,2,4,4,4,4,4,3,4,3,4,3,4,2,2,2,3,1,3,2,2,2,2,3,3,2,0,2,3,2,2,3,4,5,4,3,2,3,3,2
"question",2,2,2,4,2,4,3,2,3,3,2,2,2,2,2,4,1,3,3,3,1,1,3,2,2,2,3,4,2,2,3,3,2,1,2,2,4,2,3,2,1,4,3,3,2,2,2,3,4,2,1,3,4,3,3,5,3,4,2,5,3,4,0,4,2,2,5,5,3,2,2,3,3,5,4,5,2,2,1,4,2,1,1,2,2,4,3,0,3,1,1,2,1,3,2,3,2,1,2,0,3,1,1,0,2,3,2,2,1,4,4,4,2,3,3,1,1,2,2,1,3,3,1,1,3,2,2,1,2,2,1,2,2,2,2,3,1,2,4,0,2,2,1,1,1,1,1,2,2,0,1,3,3,1,1,2,0,2,1,1,3,4,0,1,1,4,2,1,3,2,3,3,2,3,2,3,2,2,2,2,2,1,3,1,2,2,2,1,3,2,2,1,3,1,2,0,1,3,2,3,3,2,1,3,2,2,2,2,2,3,3,1,1,1,2,1
"remain",4,2,2,6,3,4,3,4,3,4,3,4,3,4,2,5,3,5,6,5,4,3,4,6,5,4,5,5,4,5,5,3,3,4,3,4,5,6,7,4,3,5,4,3,5,3,4,6,7,5,6,5,4,4,5,10,5,5,2,8,4,7,4,0,4,3,6,6,6,4,3,8,5,8,5,8,1,4,4,3,1,3,3,3,4,8,4,4,4,2,2,5,4,3,4,6,2,2,4,4,3,3,3,3,5,6,5,3,1,7,5,5,3,5,6,3,5,3,5,2,5,7,3,3,5,6,3,4,3,4,4,6,4,3,3,4,2,5,8,2,2,3,3,3,4,4,4,5,5,3,3,6,4,3,4,4,3,3,2,4,4,8,4,4,6,7,3,4,6,5,4,4,3,5,4,8,5,2,3,3,4,4,4,2,4,4,4,3,4,2,3,4,3,2,2,2,2,2,4,4,4,4,3,2,4,4,3,3,5,4,3,3,2,3,4,2
"requir",4,3,4,6,2,4,3,5,3,2,5,4,4,4,6,4,4,3,5,4,3,3,3,6,4,3,3,6,4,5,2,2,4,2,3,4,4,5,5,4,4,4,4,4,4,4,4,3,3,5,5,7,4,4,3,8,3,4,3,6,4,5,2,4,0,4,5,5,6,3,4,7,4,7,3,5,2,2,3,2,2,3,4,3,4,5,3,4,4,3,4,1,3,5,2,4,2,2,2,3,2,1,3,3,4,5,4,4,3,6,5,4,1,5,3,2,5,3,5,3,3,5,3,3,3,4,3,3,3,4,3,5,3,4,5,3,3,5,6,3,2,2,1,2,1,3,2,1,0,2,3,4,1,1,3,3,2,2,2,1,2,4,1,1,2,3,1,3,3,3,4,3,1,2,3,4,3,3,2,3,3,4,1,2,3,2,2,2,3,3,3,3,4,3,3,4,3,2,1,3,3,2,2,2,2,2,1,2,3,3,3,2,4,2,1,2
"rest",2,3,3,5,2,1,2,4,3,3,3,2,2,2,4,3,2,2,3,2,2,2,2,5,3,3,1,3,3,5,2,2,2,2,2,2,4,4,4,1,2,2,3,1,4,2,3,1,2,4,3,4,2,2,2,5,3,2,1,5,4,4,2,3,4,0,3,4,3,2,2,3,2,4,1,3,2,1,4,2,3,3,2,2,3,3,3,2,3,2,2,2,2,4,2,3,3,1,1,2,1,2,2,2,4,3,3,4,2,3,3,3,2,2,2,1,3,3,4,2,3,4,1,3,2,3,3,2,2,2,2,4,2,3,3,3,2,3,4,2,2,1,1,3,0,2,1,2,1,1,2,2,0,2,2,1,1,1,0,2,1,1,0,1,3,2,2,0,1,2,1,1,2,2,2,2,2,1,2,1,2,3,1,1,2,1,2,2,1,1,2,2,1,1,0,2,2,1,0,3,3,3,1,1,3,3,2,1,3,3,3,3,2,3,1,2
"sinc",4,3,4,8,4,6,5,3,5,5,6,5,5,4,4,7,4,6,6,6,3,4,5,6,6,5,5,8,5,5,3,5,5,2,5,5,6,5,6,5,5,6,6,5,2,6,4,5,6,4,4,6,6,6,5,9,4,6,4,8,5,7,5,6,5,3,0,8,7,5,5,6,7,9,6,8,3,5,3,5,3,3,3,4,4,8,5,3,4,3,5,4,4,5,5,6,3,3,5,3,5,3,4,2,4,7,6,3,3,8,7,6,3,6,6,4,4,3,4,4,5,6,5,3,7,5,5,3,5,5,4,5,4,5,5,6,4,4,8,3,5,5,3,3,3,3,3,3,3,2,3,6,4,2,2,3,1,4,4,2,4,7,2,2,2,6,3,4,5,4,5,5,3,5,4,5,4,3,3,3,3,2,4,2,3,4,3,2,4,3,3,2,4,2,3,1,2,3,2,3,3,2,1,3,2,2,2,2,2,3,3,1,1,1,2,1
"space",4,5,4,8,5,5,5,5,4,6,6,4,5,4,5,8,4,6,7,6,5,4,5,8,5,4,5,8,7,7,3,5,5,5,4,5,8,7,8,4,5,7,7,4,5,5,5,6,7,4,4,7,5,5,4,11,5,8,4,9,4,7,5,6,5,4,8,0,9,6,4,8,7,10,5,10,5,6,5,5,5,4,5,4,7,10,8,3,6,3,6,5,3,7,6,8,6,3,4,4,5,5,5,4,6,8,8,4,4,10,9,8,4,9,7,4,6,6,6,5,7,8,5,6,7,5,8,3,6,4,4,6,4,7,6,9,4,6,10,6,5,7,5,5,4,6,4,5,4,4,5,6,5,5,5,5,3,5,4,4,4,8,3,2,5,7,5,3,6,5,6,7,5,7,5,6,5,3,4,4,4,3,5,4,3,4,4,4,5,5,6,4,7,4,4,4,5,5,4,5,4,3,2,5,5,3,5,3,5,6,5,4,3,4,4,4
"star",5,4,4,7,4,5,4,5,3,4,6,5,5,5,4,6,5,6,8,6,5,5,5,8,5,4,5,8,7,6,2,4,5,5,4,6,6,7,6,5,6,6,7,4,4,5,5,5,7,4,5,7,5,5,4,10,4,7,4,8,3,6,3,6,6,3,7,9,0,6,5,9,7,9,5,9,4,5,4,3,3,4,6,3,6,9,6,4,5,3,6,4,4,5,5,7,4,3,4,5,4,4,5,4,5,7,7,3,4,9,8,7,3,8,6,4,7,5,6,5,6,7,5,5,6,5,6,4,5,4,5,6,4,5,5,7,4,6,9,6,3,6,5,4,5,5,5,4,3,5,4,5,4,4,5,5,3,5,4,3,3,7,4,1,4,6,4,3,5,5,6,6,4,5,5,6,5,3,3,4,4,3,4,4,2,4,3,4,3,4,5,3,6,3,3,4,4,4,4,4,3,2,2,4,4,2,4,2,3,4,3,3,3,3,3,3
"suggest",3,2,4,5,5,3,4,3,4,5,5,4,3,4,3,5,4,6,5,6,4,5,5,6,4,4,5,5,7,4,1,4,3,4,5,5,5,7,6,3,5,4,6,3,3,5,4,4,5,4,5,4,4,5,4,7,3,4,4,6,4,6,2,4,3,2,5,6,6,0,3,5,6,6,4,6,3,4,3,2,3,2,4,3,5,6,5,4,3,4,5,3,3,3,3,6,4,4,4,5,3,4,5,2,5,5,6,1,4,6,5,5,2,5,6,5,5,3,4,2,3,6,5,3,5,4,5,3,5,4,3,3,2,4,4,5,3,3,6,4,3,5,4,3,4,4,3,2,2,4,2,3,3,3,3,2,3,4,4,3,2,5,4,1,3,4,2,3,5,3,4,3,2,3,3,3,3,2,3,3,2,2,4,4,3,2,3,3,2,2,2,1,3,2,2,2,2,2,2,1,0,0,0,2,2,0,2,2,3,3,2,2,1,2,2,2
"theori",2,2,3,5,2,4,2,2,3,2,4,3,3,3,3,3,4,4,4,3,2,3,4,4,4,3,2,5,3,3,1,3,3,1,3,3,3,3,3,3,4,3,4,3,1,4,2,2,3,3,3,4,4,3,3,5,1,3,3,4,3,3,2,3,4,2,5,4,5,3,0,4,5,5,3,4,2,3,1,2,1,2,2,1,1,4,2,2,2,2,3,2,3,2,3,3,1,2,3,2,2,1,2,2,2,4,3,1,2,4,4,3,2,3,2,2,2,1,2,3,2,2,3,2,4,2,2,3,3,2,3,4,2,2,3,3,3,2,4,2,2,3,2,1,2,1,2,1,1,1,1,3,1,0,0,1,0,2,2,0,1,3,1,0,0,2,1,2,1,2,2,2,1,2,1,2,1,2,1,1,1,1,2,1,1,3,1,1,1,1,2,1,2,1,1,1,1,1,1,1,1,1,1,1,1,1,1,0,0,0,0,0,0,0,0,0
"two",5,4,3,7,3,5,3,5,2,3,5,4,4,4,5,5,4,5,7,5,6,4,4,8,4,3,5,7,6,6,3,3,4,6,3,5,6,7,8,5,5,7,6,4,7,4,5,6,7,5,6,7,4,4,5,12,5,7,4,8,3,6,3,8,7,3,6,8,9,5,4,0,6,10,5,9,3,4,4,2,2,4,5,3,6,9,6,5,5,3,5,4,4,5,4,7,3,2,3,5,3,3,4,4,6,8,7,3,3,10,7,6,2,8,5,3,7,4,6,4,5,8,4,5,5,5,5,4,4,4,5,7,4,5,5,6,3,8,9,5,2,5,4,3,5,6,5,5,4,5,6,7,4,4,6,6,5,5,4,4,4,9,4,3,6,6,4,5,6,7,7,6,4,6,5,8,5,4,3,4,4,5,4,4,4,4,3,4,5,4,6,5,7,5,4,6,5,4,4,5,4,3,4,4,5,3,4,3,6,5,4,4,5,4,3,4
"univers",3,2,4,7,4,5,4,3,4,5,6,4,4,4,4,6,5,6,6,6,4,4,6,6,5,4,5,7,6,5,1,5,4,3,5,4,6,6,6,4,5,5,6,4,2,6,3,5,5,4,5,5,5,5,5,8,2,6,4,7,4,6,3,5,4,2,7,7,7,6,5,6,0,8,5,7,3,6,3,3,2,3,3,3,4,7,5,4,4,3,5,3,4,3,5,6,3,3,5,4,4,3,5,3,4,7,6,1,3,7,6,5,2,6,5,5,4,2,3,4,4,5,6,3,7,4,5,4,5,4,4,4,3,4,4,6,3,3,7,4,4,6,4,3,4,4,4,3,3,3,2,5,4,2,2,3,2,4,4,2,3,6,3,1,2,5,2,4,4,3,4,5,2,5,2,4,3,3,3,3,2,2,4,3,2,4,3,2,3,2,3,2,4,2,3,2,2,2,2,1,1,1,1,2,2,1,2,1,2,2,1,1,0,1,1,1
"way",5,4,5,9,4,6,5,5,5,6,7,5,5,5,6,8,5,6,8,7,4,4,6,8,6,5,6,9,7,7,4,5,5,5,5,5,9,7,9,5,5,6,7,5,6,6,4,7,7,6,6,9,6,6,5,13,4,8,4,10,5,8,5,8,7,4,9,10,9,6,5,10,8,0,6,10,4,6,5,5,4,4,5,4,6,11,8,5,6,3,6,5,4,6,6,9,5,3,5,4,5,4,6,5,7,11,9,4,4,12,9,8,3,9,7,5,6,5,6,5,7,9,6,6,8,6,7,4,6,5,6,7,4,7,7,8,4,7,10,5,5,6,4,5,4,5,5,6,5,4,6,9,5,4,4,6,3,5,4,3,4,10,3,4,5,8,4,6,7,7,7,7,4,8,5,9,6,5,5,5,5,5,5,4,4,5,5,4,7,4,6,6,7,5,5,4,5,4,3,4,4,3,4,4,4,3,4,2,6,5,4,3,3,3,3,4
"within",4,1,3,5,3,5,4,2,3,3,4,4,3,3,2,4,2,5,5,5,2,3,4,3,3,3,5,6,4,2,2,4,3,2,4,4,4,4,3,4,3,5,5,4,1,4,3,4,5,2,3,3,5,5,5,6,3,5,3,6,3,5,4,5,3,1,6,5,5,4,3,5,5,6,0,6,2,3,1,3,1,2,2,3,3,5,3,2,3,2,3,2,3,2,2,4,1,2,4,2,4,1,3,0,2,4,3,1,2,5,4,4,1,4,4,3,3,1,2,2,3,4,3,0,4,3,2,2,2,4,3,2,3,2,2,3,1,3,5,1,2,3,2,1,3,2,3,2,2,2,1,4,4,1,2,3,1,4,3,1,4,5,2,1,1,5,2,3,4,3,5,4,2,3,3,4,3,3,2,3,2,1,3,2,2,2,2,1,2,2,1,0,3,1,2,0,0,3,2,2,2,1,1,3,1,1,1,2,1,2,2,0,1,0,1,0
"year",5,5,4,8,5,6,4,4,4,5,6,4,4,4,4,7,4,7,7,6,5,4,5,8,6,4,6,8,7,6,4,4,4,5,4,5,7,8,8,5,5,7,7,5,5,5,4,7,8,4,5,7,5,5,5,12,5,8,5,9,4,7,5,8,5,3,8,10,9,6,4,9,7,10,6,0,4,6,4,4,4,3,5,3,6,11,7,3,5,3,6,5,3,6,5,9,5,4,5,4,4,4,5,4,6,8,8,3,4,10,9,8,4,9,8,4,6,5,6,4,6,8,5,5,7,5,7,3,6,4,4,7,3,7,7,8,4,5,11,5,4,6,4,4,5,7,5,5,4,5,5,8,5,5,5,5,3,6,5,4,4,10,5,3,6,9,5,5,8,6,7,7,5,7,6,8,6,4,5,5,5,4,6,5,5,5,6,5,5,6,6,5,7,5,4,4,5,5,5,5,4,4,3,5,5,4,5,4,6,6,5,4,3,4,5,4
"abl",1,2,3,4,3,2,2,2,2,2,3,1,1,1,3,2,1,4,3,2,1,2,3,3,1,1,1,4,4,2,0,3,1,2,2,2,4,4,3,0,2,3,5,1,2,2,2,1,2,1,1,2,3,2,2,5,1,3,2,4,2,2,2,1,2,2,3,5,4,3,2,3,3,4,2,4,0,3,2,3,4,3,3,2,4,5,5,1,4,3,4,3,2,4,2,5,4,3,3,2,3,2,3,2,4,4,4,2,4,5,5,5,3,5,3,2,3,3,3,3,3,4,2,3,3,1,4,2,3,2,3,4,2,4,4,5,2,4,5,3,2,4,3,2,2,3,2,2,1,2,2,3,2,2,2,2,1,4,2,1,2,3,1,0,2,3,3,1,2,3,4,3,3,3,2,2,1,3,2,2,1,1,3,3,2,1,2,2,1,3,3,1,4,3,1,2,2,4,2,3,2,2,2,4,3,2,3,2,3,3,3,2,2,2,1,2
"actual",1,1,2,5,4,3,3,2,2,4,4,2,3,2,3,5,3,5,4,4,3,2,4,4,4,2,3,5,4,4,1,4,3,2,3,2,5,5,6,2,3,4,4,2,1,4,2,5,3,2,4,3,3,3,3,7,1,5,2,5,2,4,2,4,2,1,5,6,5,4,3,4,6,6,3,6,3,0,3,3,2,3,2,3,4,7,5,3,4,2,4,4,3,3,5,6,3,3,5,3,4,3,4,4,3,6,5,1,2,6,5,4,3,7,5,4,3,2,2,4,4,4,5,3,6,3,5,3,4,3,3,4,3,5,4,6,2,3,7,4,4,6,4,3,3,5,3,3,3,2,2,5,4,2,2,3,2,3,3,2,3,6,3,2,3,5,2,4,4,2,3,5,2,5,1,4,2,2,2,2,1,1,3,2,2,3,3,1,3,3,3,3,4,3,3,2,2,2,3,1,1,2,2,2,2,2,2,2,3,2,1,1,0,1,2,1
"anoth",2,2,2,5,2,0,2,4,2,4,3,2,2,2,3,4,2,2,4,3,3,2,2,6,3,3,2,3,4,6,1,2,2,3,2,2,5,5,5,1,2,2,3,0,4,2,3,2,3,4,4,4,1,2,2,6,3,3,0,6,3,5,1,4,3,4,3,5,4,3,1,4,3,5,1,4,2,3,0,2,3,4,3,3,5,5,5,4,4,2,3,3,3,4,4,5,4,1,2,4,2,4,4,3,5,5,5,4,2,5,4,4,2,4,4,3,5,4,5,3,5,6,3,4,4,5,5,3,3,3,3,4,3,4,3,5,2,4,6,4,3,3,3,5,2,4,3,4,3,3,3,3,2,4,4,3,3,2,1,4,2,3,2,2,5,4,3,1,3,3,2,3,3,4,3,4,4,1,3,2,3,4,2,2,2,2,3,3,2,1,3,3,2,1,1,3,3,1,1,3,3,3,1,1,4,3,3,1,4,4,3,4,2,4,2,3
"answer",1,1,2,4,2,3,3,2,3,3,2,2,2,2,2,4,1,3,3,3,0,1,3,2,2,2,2,4,2,2,2,3,2,0,2,2,4,2,3,1,1,3,3,2,1,2,2,2,3,2,1,3,4,3,2,5,2,3,1,5,3,4,4,3,2,2,5,5,3,2,2,2,3,5,3,4,3,3,2,0,3,2,2,3,3,5,4,1,4,2,2,3,2,4,3,4,3,2,3,1,4,2,2,1,3,4,3,3,2,5,5,5,3,4,4,2,2,3,3,2,4,4,2,2,4,3,3,2,3,3,2,3,3,3,3,4,2,3,5,1,3,3,2,2,1,1,1,2,2,0,1,3,3,1,1,2,0,2,1,1,3,4,0,1,1,4,2,1,3,2,3,3,2,3,2,3,2,2,2,2,2,1,3,1,2,2,2,1,3,2,2,1,3,1,2,0,1,3,2,3,3,2,1,3,2,2,2,2,2,3,3,1,1,1,2,1
"away",1,3,3,4,3,1,2,2,3,3,3,1,1,1,3,3,1,3,2,2,1,2,2,4,2,2,1,3,4,3,1,2,1,2,2,2,4,4,4,0,2,2,4,1,3,2,2,1,2,2,1,3,2,2,1,5,2,2,2,4,3,3,2,1,2,3,3,5,3,3,1,2,2,4,1,4,4,2,3,3,0,2,3,2,4,5,5,1,3,3,4,3,1,5,2,5,5,3,2,2,2,3,3,2,5,4,5,3,4,5,5,5,3,4,4,2,3,4,4,2,3,5,2,4,3,2,5,1,4,2,2,4,1,5,5,5,3,3,5,3,3,3,2,3,1,3,1,2,1,2,3,3,1,3,2,1,1,3,2,2,1,3,1,1,3,3,3,1,3,3,3,2,3,3,3,2,2,2,3,2,2,2,3,3,3,1,3,3,2,3,3,2,3,3,1,2,3,3,1,3,2,2,1,3,3,2,3,2,4,4,4,3,2,3,2,3
"begin",2,1,2,5,2,1,2,3,1,2,3,2,2,1,3,2,1,3,4,2,2,2,2,4,2,2,1,4,3,4,0,3,2,2,2,2,4,4,3,1,2,3,4,0,2,2,3,1,2,2,3,2,2,2,3,5,2,3,0,5,2,3,1,3,3,3,3,4,4,2,2,4,3,4,2,3,3,3,4,2,2,0,2,3,4,4,4,3,4,2,3,3,4,3,3,4,2,1,3,3,3,2,3,2,3,4,3,3,2,4,3,3,2,4,2,2,4,2,3,4,4,4,2,2,3,3,3,3,1,3,4,4,4,3,2,4,1,5,5,3,2,3,3,3,2,3,3,3,2,2,2,3,2,2,3,3,2,3,1,2,3,2,1,1,3,3,3,1,1,3,3,3,3,3,2,3,2,2,1,1,1,2,1,1,1,1,1,1,0,1,2,1,2,1,0,2,1,2,1,3,3,3,2,2,3,3,2,1,2,2,2,2,2,2,0,1
"black",3,2,3,3,2,2,2,4,2,2,3,3,2,4,2,3,3,3,5,4,2,3,3,5,2,2,3,4,5,3,1,1,2,3,2,4,3,5,3,2,3,2,4,2,3,2,3,2,4,3,3,5,3,3,1,6,2,3,2,5,2,4,1,3,4,2,3,5,6,4,2,5,3,5,2,5,3,2,3,2,3,2,0,2,5,6,4,3,4,3,4,2,2,4,2,5,4,3,2,4,2,3,4,3,5,4,5,3,4,6,6,6,2,5,5,3,6,5,6,2,4,6,3,4,3,4,4,3,4,3,3,4,2,3,4,4,3,4,6,4,1,3,3,3,3,3,3,2,1,4,2,2,2,3,4,3,2,3,2,2,1,4,3,0,3,4,2,1,4,3,4,3,2,2,4,4,4,2,3,4,4,3,3,4,2,2,3,4,2,3,3,2,4,2,2,3,3,3,3,3,2,1,1,3,3,1,3,2,3,4,3,3,3,3,3,3
"calcul",2,0,2,4,3,2,4,3,2,3,3,3,3,2,3,4,1,3,3,4,2,2,2,3,2,2,3,4,3,3,1,3,3,1,3,3,3,4,4,2,2,4,3,2,1,3,4,3,2,2,3,2,3,4,3,5,3,3,1,5,3,5,2,3,3,2,4,4,3,3,1,3,3,4,3,3,2,3,3,3,2,3,2,0,5,4,3,3,4,3,3,2,3,4,2,3,2,2,3,3,4,2,3,1,3,3,3,3,2,4,3,3,1,4,4,3,4,2,3,2,3,5,3,1,3,4,3,2,2,5,2,2,4,3,2,3,1,4,5,2,3,3,2,2,1,3,1,1,1,1,1,2,3,1,3,2,2,2,2,2,4,3,1,1,2,3,1,2,3,1,3,3,1,2,2,2,2,1,1,2,1,1,1,1,2,0,1,0,2,2,0,0,2,1,2,1,0,2,1,2,2,1,0,2,1,1,0,3,2,3,3,1,2,1,1,0
"call",3,2,3,5,4,2,4,5,2,4,4,3,3,3,4,5,2,4,5,5,4,3,3,6,2,2,4,5,6,5,1,3,3,4,3,4,5,7,6,2,3,5,5,2,4,3,5,4,4,3,4,4,3,4,3,8,4,5,2,7,3,6,2,4,4,3,4,7,6,5,1,6,4,6,3,6,4,4,5,3,4,4,5,5,0,7,6,4,6,4,5,3,3,6,3,6,5,3,3,5,4,4,5,3,6,5,6,4,4,7,6,6,2,7,6,4,7,5,6,3,5,8,4,4,4,5,6,3,4,5,3,4,4,5,4,6,2,6,8,5,3,5,4,4,3,6,3,3,2,4,3,3,4,4,6,4,4,4,3,4,4,5,3,1,5,5,3,2,5,3,5,5,3,4,4,4,4,2,3,4,3,3,3,4,3,1,3,3,3,4,3,2,5,3,3,4,3,4,3,4,3,2,1,4,4,2,3,4,5,6,5,4,4,4,3,3
"can",4,4,4,8,5,5,4,4,4,5,6,4,4,4,4,7,4,7,7,6,4,4,5,8,6,4,5,8,7,6,4,4,4,5,4,5,7,8,9,4,5,6,7,4,5,5,4,7,7,4,5,7,5,5,4,13,4,7,4,9,4,7,4,8,5,3,8,10,9,6,4,9,7,11,5,11,5,7,5,5,5,4,6,4,7,0,8,4,6,4,7,7,4,7,6,10,6,5,6,5,5,5,6,6,8,10,10,4,5,12,10,9,5,10,9,5,7,6,7,5,7,10,6,7,8,6,8,4,7,5,6,9,4,8,8,9,5,7,12,6,5,7,5,5,5,7,5,6,5,5,6,9,5,5,5,5,3,6,5,4,4,11,5,4,7,9,5,6,8,7,7,7,5,8,6,9,6,4,5,5,5,4,6,5,5,5,6,5,6,6,6,6,7,6,4,4,5,5,5,5,4,4,4,5,5,4,5,4,7,6,5,4,3,4,5,4
"come",2,3,3,6,4,2,3,3,3,5,4,2,2,2,4,5,2,5,5,4,3,3,4,6,3,3,3,5,6,5,1,4,2,4,3,3,8,6,7,1,3,4,6,1,5,3,3,3,5,4,4,5,3,3,3,9,3,5,2,7,3,5,3,4,3,3,5,8,6,5,2,6,5,8,3,7,5,5,5,4,5,4,4,3,6,8,0,4,5,3,5,5,3,5,5,9,6,3,4,4,4,5,5,3,6,8,7,3,4,9,7,7,4,8,6,4,5,5,5,4,6,7,4,5,6,4,7,3,5,3,4,5,3,7,6,8,3,6,8,5,4,6,5,5,4,5,4,5,4,4,5,6,4,5,4,5,4,5,3,4,3,7,3,3,5,6,5,3,6,6,6,5,5,6,4,6,4,4,4,3,3,4,5,4,4,3,4,4,4,3,6,4,6,4,3,4,5,4,3,4,3,3,3,4,5,3,5,2,6,5,4,4,3,4,3,5
"complet",2,0,2,4,2,1,2,3,2,3,3,3,2,3,3,3,3,3,4,4,3,3,3,5,3,3,3,3,4,4,0,2,2,2,3,3,4,5,5,2,3,2,3,1,3,3,3,2,3,5,6,4,2,3,3,6,2,2,1,5,3,5,0,4,4,2,3,3,4,4,2,5,4,5,2,3,1,3,4,1,1,3,3,3,4,4,4,0,3,3,3,2,4,2,3,5,2,2,3,5,2,3,4,2,4,5,4,2,2,5,3,3,1,4,4,4,5,2,4,2,3,5,4,2,4,5,3,4,3,4,3,3,3,3,3,3,2,4,5,3,2,3,3,3,3,3,3,2,2,3,2,3,2,2,3,3,4,2,2,3,2,4,3,2,3,3,1,3,4,3,3,2,1,2,2,4,3,2,2,2,2,4,2,2,3,2,2,2,2,0,2,2,2,1,2,3,2,0,1,1,1,1,1,0,2,1,1,1,3,2,1,2,2,2,1,2
"continu",2,1,3,5,2,3,3,5,2,3,3,2,2,3,4,4,2,3,5,4,2,1,4,4,1,1,3,5,4,4,1,3,2,2,2,2,5,5,4,1,1,4,4,2,3,2,3,3,3,3,3,4,4,3,3,7,2,5,1,7,3,5,3,4,4,3,4,6,5,3,2,5,4,6,3,5,4,4,4,4,3,4,4,4,6,6,5,3,0,3,3,2,3,5,3,5,4,2,3,3,4,2,4,3,5,5,4,4,3,6,6,6,2,6,4,3,5,4,5,3,5,6,3,3,4,4,4,4,3,4,3,4,4,3,3,5,1,5,7,3,2,4,3,3,2,4,3,3,2,2,1,3,4,2,4,4,2,3,1,2,4,4,1,0,3,5,2,1,3,2,4,5,2,4,2,4,3,3,3,4,3,3,3,3,2,2,3,2,3,3,3,2,5,2,3,3,2,4,3,4,4,3,2,4,4,3,3,3,4,5,4,3,3,3,2,2
"correct",1,1,3,4,3,2,2,2,3,2,3,2,1,2,3,2,2,4,2,3,2,3,3,4,2,2,2,3,4,2,0,2,1,1,3,3,2,5,4,1,3,3,4,2,2,3,3,1,2,3,3,2,3,3,3,5,2,1,3,4,4,4,1,2,3,2,3,3,3,4,2,3,3,3,2,3,3,2,2,2,3,2,3,3,4,4,3,3,3,0,4,2,3,4,1,4,3,4,3,4,2,2,3,1,5,3,4,2,4,4,4,4,2,3,4,3,4,2,4,1,1,5,3,2,3,3,3,3,4,4,2,4,2,3,4,3,3,3,5,2,2,3,2,1,2,3,1,0,0,2,1,2,1,1,2,0,2,3,3,2,2,3,2,0,2,2,1,2,3,2,3,1,1,1,2,1,1,2,2,2,1,2,3,3,4,1,2,2,1,2,1,0,2,2,1,2,1,2,1,2,1,1,0,2,2,1,1,3,3,3,3,2,2,2,1,1
"differ",3,3,4,6,4,3,3,2,3,3,6,3,3,2,4,4,3,5,4,4,3,4,3,6,4,3,3,6,6,4,0,3,3,3,4,4,4,6,5,3,5,4,6,3,2,5,3,3,3,2,3,4,3,4,3,7,2,4,4,5,3,4,1,2,4,2,5,6,6,5,3,5,5,6,3,6,4,4,3,2,4,3,4,3,5,7,5,3,3,4,0,3,3,5,3,6,4,4,4,4,3,3,5,3,5,6,7,2,5,7,6,5,2,6,5,4,5,3,4,4,3,6,5,4,5,3,6,2,5,4,4,5,2,6,6,6,4,4,7,5,4,5,3,3,3,5,3,2,1,4,4,5,2,3,3,2,2,5,5,2,2,5,3,1,3,4,3,4,4,4,5,4,3,4,4,3,3,3,3,3,2,2,3,4,3,2,3,3,2,4,3,2,4,4,2,3,3,3,1,2,1,1,1,3,2,1,2,2,3,3,3,2,2,2,1,2
"dont",1,2,1,4,4,1,2,1,2,3,2,2,2,1,1,3,1,5,3,2,2,3,2,4,4,3,1,3,3,3,3,3,2,3,2,3,4,4,6,1,3,3,4,0,3,2,3,3,4,2,3,2,2,2,2,7,3,2,1,4,2,3,2,5,1,2,4,5,4,3,2,4,3,5,2,5,3,4,3,3,3,3,2,2,3,7,5,2,2,2,3,0,3,3,4,6,3,3,4,3,3,4,2,3,4,5,5,2,2,6,4,4,5,5,5,2,3,3,3,3,4,5,2,4,4,3,4,2,3,2,4,6,3,5,4,5,3,5,6,3,3,4,4,3,3,3,2,4,4,2,4,5,2,3,2,2,2,3,2,3,2,6,3,4,5,4,4,3,4,5,3,2,4,4,3,5,2,1,1,0,1,1,3,1,3,2,2,2,2,2,3,3,2,3,0,1,2,2,3,3,2,3,3,2,3,3,3,2,4,2,2,2,1,2,3,2
"due",2,0,2,5,2,2,2,2,2,2,3,3,2,2,2,2,2,4,4,3,2,3,3,4,3,3,2,4,3,3,0,3,2,1,3,3,3,4,3,2,3,3,4,1,1,3,3,1,3,3,4,2,3,3,4,5,2,2,1,5,3,4,1,4,3,2,4,3,4,3,3,4,4,4,3,3,2,3,3,2,1,4,2,3,3,4,3,4,3,3,3,3,0,2,3,4,1,2,4,4,3,2,3,1,3,4,3,2,2,4,3,3,2,3,3,3,4,1,3,3,3,4,3,1,4,4,2,4,2,4,4,4,4,2,2,3,2,4,5,2,2,3,3,2,3,2,3,2,2,2,1,3,2,1,2,2,2,3,2,2,3,3,2,1,2,3,2,2,2,3,3,2,2,2,2,3,2,2,1,1,1,2,2,1,2,2,1,1,0,0,1,0,1,0,0,1,0,1,1,2,2,2,1,1,2,2,1,1,1,1,1,1,1,1,0,0
"earth",2,4,3,6,3,3,3,4,3,3,4,2,3,2,5,5,2,3,3,3,3,2,2,6,3,2,2,5,4,5,2,2,3,2,2,3,4,5,6,2,3,5,4,3,4,3,4,3,3,3,2,5,3,3,2,8,4,4,3,6,4,5,3,3,5,4,5,7,5,3,2,5,3,6,2,6,4,3,4,4,5,3,4,4,6,7,5,2,5,4,5,3,2,0,3,5,5,3,2,3,3,3,3,3,6,5,6,5,4,7,7,6,3,6,5,2,5,5,6,3,4,7,3,5,4,4,6,2,5,4,2,6,3,6,6,6,4,5,8,4,4,4,2,3,1,5,1,2,1,2,4,4,2,3,4,2,2,3,3,3,3,5,1,1,4,4,3,2,4,3,4,4,3,4,4,3,3,2,3,3,3,3,3,3,4,2,3,3,4,5,4,3,5,4,3,4,4,4,2,5,4,3,1,4,4,3,3,4,5,6,6,4,4,4,3,3
"enough",1,2,1,5,2,2,2,2,2,4,3,2,3,2,2,5,3,3,4,3,3,2,3,5,4,3,2,4,3,5,1,3,3,2,2,2,5,3,5,2,3,3,3,1,2,3,2,3,4,3,3,4,2,2,2,6,2,4,1,5,2,4,2,4,2,2,5,6,5,3,3,4,5,6,2,5,2,5,4,3,2,3,2,2,3,6,5,3,3,1,3,4,3,3,0,5,3,1,3,3,3,4,3,3,3,6,5,2,1,6,5,4,3,5,4,3,3,3,3,4,5,4,4,4,6,4,5,3,4,2,3,4,3,4,3,6,3,3,6,4,4,5,4,4,3,3,3,4,4,2,3,4,3,3,2,3,2,2,2,3,2,5,2,2,3,4,3,2,3,3,2,4,3,5,2,4,3,1,2,1,2,2,3,1,1,4,2,2,3,1,4,3,3,1,2,2,3,1,2,2,2,2,1,1,3,2,3,0,2,2,1,2,0,2,2,2
"even",3,3,4,7,5,3,3,3,4,5,5,3,2,3,4,5,3,7,6,5,3,4,5,7,5,4,4,6,7,5,2,4,2,4,4,4,8,8,8,2,4,4,7,2,5,4,3,4,6,5,6,6,4,4,4,11,3,5,3,8,4,6,3,6,4,3,6,8,7,6,3,7,6,9,4,9,5,6,5,4,5,4,5,3,6,10,9,5,5,4,6,6,4,5,5,0,6,5,6,5,4,5,6,4,7,9,8,3,5,10,8,8,5,9,8,5,6,5,6,4,6,8,5,5,7,5,7,4,6,4,5,7,3,8,8,8,4,6,10,5,4,6,5,5,5,6,5,5,4,5,5,8,4,5,4,5,4,6,4,4,3,9,5,4,6,8,5,5,8,7,7,5,5,6,5,8,5,5,5,4,4,5,6,5,6,4,6,5,4,4,6,5,6,5,3,4,5,4,4,4,3,4,4,4,5,4,5,3,7,5,4,4,3,4,4,5
"ever",1,3,3,4,3,1,2,3,3,4,3,1,1,2,3,4,2,3,3,3,2,2,3,5,2,2,2,3,5,4,1,2,1,3,2,2,5,5,5,0,2,2,4,1,4,2,2,2,3,3,2,4,2,2,1,6,2,3,2,5,3,4,2,2,2,3,3,6,4,4,1,3,3,5,1,5,4,3,4,3,5,2,4,2,5,6,6,2,4,3,4,3,1,5,3,6,0,3,2,3,2,4,4,3,6,5,6,3,4,6,6,6,3,5,5,3,4,5,5,2,4,6,3,5,4,3,6,2,5,2,2,4,1,5,5,6,3,3,6,4,3,4,3,4,2,4,2,3,2,3,3,3,2,4,3,2,2,3,2,3,1,4,2,1,4,4,3,1,4,3,3,3,3,4,3,3,3,2,4,3,3,3,4,4,3,2,4,4,3,3,4,3,4,3,2,3,4,3,2,3,2,2,1,3,4,2,4,2,5,5,4,4,2,4,3,4
"fact",1,1,3,3,4,2,2,1,3,2,3,2,1,2,2,2,2,5,2,3,1,3,3,3,3,2,2,3,4,1,1,2,1,1,3,3,2,5,4,1,3,2,4,2,1,3,2,2,2,2,3,2,3,3,2,5,1,1,3,3,3,3,1,2,2,1,3,3,3,4,2,2,3,3,2,4,3,3,1,2,3,1,3,2,3,5,3,2,2,4,4,3,2,3,1,5,3,0,4,3,2,2,3,2,4,3,4,1,4,4,4,4,3,4,5,3,3,2,3,1,1,4,3,2,3,2,3,2,4,3,2,4,1,4,5,3,3,2,5,2,2,3,2,1,2,3,1,0,0,2,1,3,1,1,1,0,1,3,3,1,1,4,3,1,2,3,1,3,4,2,3,1,1,1,2,2,1,2,2,2,1,1,3,3,4,1,3,2,1,3,1,1,2,3,1,1,1,2,2,1,0,1,1,2,1,1,1,3,3,2,2,1,1,1,2,1
"far",2,0,3,5,4,3,3,1,3,3,4,3,2,2,2,3,2,6,4,4,1,3,4,3,4,3,3,5,4,2,1,4,2,1,4,3,4,5,4,2,3,3,5,2,0,4,2,3,3,2,4,2,4,4,4,6,1,3,2,5,3,4,2,4,2,1,5,4,4,4,3,3,5,5,4,5,3,5,2,3,2,3,2,3,3,6,4,3,3,3,4,4,4,2,3,6,2,4,0,3,4,2,4,2,3,5,4,1,3,5,4,4,3,5,5,4,3,1,2,3,3,4,4,1,5,3,3,3,3,4,4,4,3,4,4,4,2,3,6,2,3,4,3,2,3,3,3,2,2,2,1,5,3,1,1,2,1,4,3,1,3,5,3,2,2,5,2,4,4,3,4,3,2,3,2,4,2,3,2,2,1,1,3,2,3,2,3,1,1,2,1,1,2,2,1,0,0,2,2,1,1,2,2,2,1,2,1,2,2,1,1,0,0,0,1,0
"final",2,1,2,4,3,1,2,3,2,3,3,3,2,3,2,3,3,4,4,4,4,4,3,6,3,3,3,3,5,4,0,2,2,3,3,4,3,6,5,2,4,3,4,1,3,3,4,2,4,4,5,3,2,3,3,6,3,2,2,5,3,5,0,4,3,2,3,4,5,5,2,5,4,4,2,4,2,3,4,1,2,3,4,3,5,5,4,5,3,4,4,3,4,3,3,5,3,3,3,0,2,4,4,2,5,4,5,2,3,5,4,4,2,4,5,4,6,3,5,2,3,6,4,3,4,5,4,4,4,4,3,4,3,3,3,4,3,4,6,4,2,4,4,3,4,4,3,2,2,4,2,2,2,3,4,2,4,3,3,4,2,4,4,1,4,3,2,2,4,3,3,2,2,2,3,3,3,1,2,2,2,3,3,3,3,2,2,3,1,1,2,1,2,1,1,3,2,1,2,2,1,1,0,1,3,1,2,2,3,3,2,3,2,3,2,2
"fraction",2,0,2,4,3,3,4,2,2,3,3,3,3,2,2,4,1,4,4,4,1,2,3,2,2,2,3,5,3,2,1,4,3,1,3,3,4,3,3,2,2,4,4,2,0,3,3,3,3,1,2,2,4,4,3,5,2,4,1,5,2,4,3,3,2,1,5,5,4,3,2,3,4,5,4,4,3,4,2,4,2,3,2,4,4,5,4,2,4,2,3,3,3,3,3,4,2,2,4,2,0,2,3,1,2,4,3,2,2,5,4,4,2,5,4,3,3,2,2,3,4,4,3,1,4,3,3,2,2,4,3,2,4,3,2,4,1,4,5,2,3,4,3,2,2,2,2,2,2,1,1,3,4,1,2,3,1,3,2,1,4,4,1,1,1,4,2,2,3,2,4,4,2,3,2,3,2,2,1,2,1,0,2,1,1,1,1,0,2,2,1,0,3,1,2,0,0,3,2,2,2,1,1,3,1,1,1,2,1,2,2,0,1,0,1,0
"get",1,2,1,3,3,0,2,2,2,4,2,2,2,2,1,4,2,3,3,3,3,3,2,5,3,3,2,2,4,4,1,2,2,3,2,3,4,4,5,1,3,2,3,0,3,2,3,2,4,3,3,3,1,2,1,5,3,2,1,4,2,4,1,3,1,2,3,5,4,4,1,3,3,4,1,4,2,3,4,2,3,2,3,2,4,5,5,3,2,2,3,4,2,3,4,5,4,2,2,4,2,0,3,2,4,4,5,2,2,5,4,4,3,4,5,3,4,4,4,2,4,5,3,4,4,4,5,2,4,2,2,3,2,4,3,5,3,3,5,4,3,4,4,4,3,3,2,3,3,3,3,2,2,4,3,2,3,2,2,4,1,4,3,2,4,3,3,1,4,3,2,2,3,3,3,3,3,0,2,1,2,2,3,2,2,2,2,3,2,1,3,2,2,1,1,2,3,1,2,2,1,1,0,1,3,1,3,1,3,3,2,3,1,3,3,3
"given",3,1,4,5,3,2,3,3,3,4,5,3,2,3,3,4,3,4,5,5,2,3,4,5,3,3,4,5,6,4,0,3,2,3,4,3,5,6,4,2,3,2,5,2,2,4,2,3,3,3,4,4,3,4,3,6,1,4,2,6,3,5,1,3,3,2,4,5,5,5,2,4,5,6,3,5,3,4,4,2,3,3,4,3,5,6,5,4,4,3,5,2,3,3,3,6,4,3,4,4,3,3,0,3,5,6,6,2,4,6,5,5,1,5,5,5,5,3,4,3,4,6,5,3,5,4,5,3,4,4,4,3,2,4,4,5,2,3,6,4,3,4,3,4,3,4,4,3,2,4,2,4,3,3,3,3,2,4,3,2,2,4,3,1,3,5,2,3,4,3,4,4,2,4,3,4,4,3,4,4,3,3,3,4,2,2,4,3,2,2,2,2,3,2,2,2,2,2,1,1,1,1,1,2,2,1,2,1,3,3,2,2,1,2,1,2
"import",1,2,2,3,2,1,1,3,1,2,3,1,2,2,3,3,3,2,3,2,2,1,2,4,3,1,1,3,3,4,2,1,2,3,1,1,3,4,5,1,2,1,2,1,3,2,1,4,1,2,3,4,1,1,0,6,0,3,1,3,1,2,0,3,3,2,2,4,4,2,2,4,3,5,0,4,2,4,3,1,2,2,3,1,3,6,3,2,3,1,3,3,1,3,3,4,3,2,2,2,1,2,3,0,4,5,5,2,2,5,4,3,2,5,3,2,3,3,3,3,3,4,3,5,3,2,4,2,3,1,3,5,1,4,4,4,2,3,5,4,2,3,2,3,1,4,2,3,2,2,3,4,1,2,2,2,1,1,1,1,0,4,2,2,4,3,1,3,2,2,1,3,1,4,1,4,2,1,2,2,2,2,1,2,1,2,3,2,3,3,3,5,3,4,2,3,3,1,2,1,1,2,3,1,2,2,2,1,4,2,1,2,1,2,2,2
"includ",2,3,4,6,3,2,2,4,4,4,4,2,1,3,4,4,3,4,4,4,3,3,4,7,3,3,3,4,6,5,2,2,1,4,3,3,5,7,7,1,3,3,5,2,6,3,3,3,4,5,4,5,3,3,3,9,3,3,3,7,5,6,2,5,4,4,4,6,5,5,2,6,4,7,2,6,4,3,5,3,5,3,5,3,6,8,6,4,5,5,5,4,3,6,3,7,6,4,3,5,2,4,5,4,0,7,8,4,5,8,7,7,3,5,6,4,6,5,7,2,4,9,4,6,5,5,6,4,6,4,4,7,2,5,6,6,4,5,8,4,3,4,3,4,3,5,3,4,3,4,4,5,2,4,4,2,3,4,3,4,2,6,3,2,6,5,3,3,5,5,4,3,3,5,4,5,4,3,5,4,4,5,5,5,5,3,5,5,4,3,4,4,4,4,2,4,4,3,2,4,3,3,2,3,5,3,4,3,7,6,5,5,3,5,3,4
"just",3,3,4,8,3,4,3,3,4,5,6,3,3,3,5,6,4,5,6,5,3,3,5,7,5,4,4,7,6,6,2,4,3,4,4,3,8,6,8,3,4,4,6,3,5,5,2,5,5,5,5,7,4,4,4,11,2,6,3,8,4,6,3,6,5,3,7,8,7,5,4,8,7,11,4,8,4,6,5,4,4,4,4,3,5,10,8,5,5,3,6,5,4,5,6,9,5,3,5,4,4,4,6,5,7,0,9,3,4,11,8,7,3,8,6,5,5,4,5,5,6,8,6,6,8,5,7,4,6,4,6,7,3,7,7,8,4,6,9,5,5,6,4,5,4,5,5,6,5,4,6,9,4,4,3,5,3,5,4,3,3,9,3,4,5,7,4,6,6,7,6,6,4,8,4,8,5,5,5,4,4,5,5,4,4,5,5,4,6,3,6,6,6,5,4,4,5,3,2,3,3,3,4,3,4,3,4,1,6,4,3,3,2,3,2,4
"know",3,4,4,7,4,3,3,3,4,5,6,3,3,3,4,6,4,5,5,5,4,4,4,8,5,4,4,6,7,6,2,3,3,5,4,4,6,7,8,3,5,4,6,3,5,5,3,5,5,4,4,6,3,4,3,10,3,5,4,7,4,6,2,5,4,3,6,8,7,6,3,7,6,9,3,8,4,5,5,3,5,3,5,3,6,10,7,4,4,4,7,5,3,6,5,8,6,4,4,5,3,5,6,5,8,9,0,3,5,10,8,7,3,7,7,5,6,5,6,4,5,9,6,7,7,5,8,3,7,4,5,7,2,7,7,8,5,5,9,6,5,6,4,5,4,6,4,5,4,5,6,7,3,5,4,3,3,5,5,4,2,8,4,3,6,6,4,5,6,6,5,5,4,7,5,6,5,3,5,4,4,4,5,5,4,4,5,5,5,4,5,5,5,5,3,4,5,3,2,3,2,2,2,3,4,2,4,2,6,5,4,4,2,4,3,4
"last",2,2,2,4,1,1,2,4,2,2,2,2,2,2,3,3,1,1,3,2,1,1,1,4,2,2,1,3,2,4,2,1,2,1,1,2,3,3,3,1,1,2,2,1,3,1,3,1,2,3,2,4,2,2,1,5,3,2,0,5,3,4,2,3,4,4,3,4,3,1,1,3,1,4,1,3,2,1,4,3,3,3,3,3,4,4,3,2,4,2,2,2,2,5,2,3,3,1,1,2,2,2,2,2,4,3,3,0,2,4,4,4,2,3,3,1,4,4,5,2,4,5,1,3,2,4,3,2,2,3,2,4,3,3,3,3,2,4,5,2,2,1,1,3,0,2,1,2,1,1,2,2,1,2,3,2,1,1,0,2,2,2,0,1,3,3,2,0,2,2,2,2,2,2,3,3,3,1,2,2,3,3,1,1,2,1,2,2,2,2,2,2,2,1,1,2,2,2,1,4,4,3,1,2,3,3,2,2,3,4,4,3,3,3,2,2
"less",2,2,4,4,3,2,2,2,3,2,4,2,1,2,3,2,2,4,3,3,1,3,3,4,2,2,2,4,5,2,0,2,1,2,3,3,3,5,3,1,3,2,5,2,2,3,2,1,2,2,2,3,3,3,2,5,1,2,3,4,3,3,1,1,3,2,3,4,4,4,2,3,3,4,2,4,4,2,2,2,4,2,4,2,4,5,4,2,3,4,5,2,2,4,1,5,4,4,3,3,2,2,4,2,5,4,5,2,0,5,5,5,2,4,4,3,4,3,4,2,2,5,3,3,3,2,4,2,4,3,3,4,1,4,5,4,3,3,5,3,2,3,2,2,2,3,2,1,0,3,2,3,1,2,2,1,1,4,3,1,1,3,2,0,2,3,2,2,3,3,4,2,2,2,3,2,2,3,3,3,2,2,3,4,3,1,3,3,1,3,2,1,3,3,1,2,2,3,1,2,1,1,1,3,2,1,2,2,3,3,3,2,2,2,1,2
"like",4,4,4,8,4,5,4,4,4,5,6,4,4,4,5,7,4,6,7,6,4,4,5,8,5,4,5,8,7,6,3,4,4,5,4,5,8,7,9,4,5,6,7,4,6,5,4,6,7,5,5,8,5,5,4,13,4,7,4,9,4,7,4,7,6,3,8,10,9,6,4,10,7,12,5,10,5,6,5,5,5,4,6,4,7,12,9,5,6,4,7,6,4,7,6,10,6,4,5,5,5,5,6,5,8,11,10,4,5,0,10,9,4,10,8,5,7,6,7,5,7,10,6,7,8,6,8,4,7,5,6,8,4,8,8,9,5,8,11,6,5,7,5,5,5,6,5,6,5,5,7,9,5,5,5,6,4,6,5,4,4,11,4,4,6,8,5,6,8,8,8,7,5,8,6,9,6,5,5,5,5,5,6,5,5,5,5,5,7,5,7,6,8,6,5,5,6,5,4,5,4,3,4,5,5,3,5,3,7,6,5,4,4,4,4,5
"long",3,4,4,7,3,5,3,4,4,4,5,3,3,4,4,6,4,5,6,5,3,3,5,7,4,3,4,7,6,5,2,3,3,3,3,4,6,6,6,3,4,5,6,4,4,4,3,4,6,4,3,7,5,4,3,10,3,6,4,8,4,6,4,5,5,3,7,9,8,5,4,7,6,9,4,9,5,5,4,5,5,3,6,3,6,10,7,3,6,4,6,4,3,7,5,8,6,4,4,4,4,4,5,4,7,8,8,4,5,10,0,9,4,8,7,4,6,6,7,4,6,8,5,6,7,5,7,4,7,4,4,7,3,6,7,8,5,5,10,5,4,6,4,4,4,5,4,4,3,4,4,6,4,4,4,4,2,5,4,3,3,8,3,1,4,7,4,3,6,5,6,6,4,6,5,6,5,4,5,5,5,4,6,5,4,5,5,5,5,5,6,4,7,4,4,4,5,5,4,5,4,3,2,5,5,3,5,3,5,6,5,4,3,4,4,4
"mani",3,3,4,6,3,4,3,4,4,4,4,3,2,4,3,5,3,5,6,5,2,3,5,6,3,3,4,6,6,4,2,3,2,3,3,4,6,6,5,2,3,4,6,3,4,3,3,3,6,4,3,6,5,4,3,9,3,5,3,8,4,6,4,5,4,3,6,8,7,5,3,6,5,8,4,8,5,4,4,5,5,3,6,3,6,9,7,3,6,4,5,4,3,6,4,8,6,4,4,4,4,4,5,3,7,7,7,4,5,9,9,0,4,7,7,4,6,6,7,3,6,8,4,5,6,5,6,4,6,4,4,6,3,5,6,7,4,5,9,4,3,5,4,4,4,4,4,4,3,4,3,5,4,4,4,4,2,5,3,3,3,7,3,1,4,7,4,2,6,5,6,5,4,5,5,6,5,4,5,5,5,4,6,5,4,4,5,5,4,4,5,3,6,3,3,3,4,5,4,5,4,3,2,5,5,3,5,3,5,6,5,4,3,4,4,4
"mayb",0,2,1,3,3,1,1,1,2,2,1,1,1,1,1,2,1,4,2,1,1,2,2,3,3,2,0,2,2,2,2,2,1,1,1,2,3,3,4,0,2,2,3,0,2,1,2,1,3,2,2,2,2,1,1,5,2,1,1,3,2,2,2,3,1,2,3,4,3,2,2,2,2,3,1,4,3,3,2,3,3,2,2,1,2,5,4,1,2,2,2,5,2,3,3,5,3,3,3,2,2,3,1,2,3,3,3,2,2,4,4,4,0,4,4,1,2,3,3,2,3,3,1,3,3,2,3,2,3,1,2,5,2,4,4,4,3,3,5,2,2,3,3,2,2,2,1,2,2,1,2,3,1,2,1,1,1,2,1,2,1,4,2,2,3,3,3,1,3,3,2,1,3,2,2,3,1,1,1,0,1,1,3,1,3,2,2,2,1,2,3,2,2,2,0,1,2,2,3,3,2,3,2,2,3,3,3,2,3,2,2,2,1,2,3,2
"might",3,3,3,6,5,4,4,4,2,4,5,3,4,3,5,6,3,6,6,5,4,3,4,6,4,2,4,7,6,5,2,4,4,4,3,4,7,7,8,3,4,6,6,3,4,4,4,6,5,3,5,6,4,4,3,11,3,7,3,7,2,5,3,5,5,2,6,9,8,5,3,8,6,9,4,9,5,7,4,4,4,4,5,4,7,10,8,4,6,3,6,5,3,6,5,9,5,4,5,4,5,4,5,5,5,8,7,3,4,10,8,7,4,0,7,4,6,5,5,5,6,7,5,5,6,4,7,3,5,4,4,6,4,8,7,8,3,7,10,6,4,7,5,4,4,7,4,4,3,4,5,7,5,4,5,6,4,5,4,3,4,9,4,3,5,7,4,5,7,5,7,7,4,6,4,7,4,4,3,4,3,3,4,4,4,3,4,3,5,6,6,5,8,6,5,5,5,5,5,4,3,3,4,5,4,3,4,4,6,5,4,3,4,3,4,4
"much",3,2,3,5,5,3,4,3,4,5,4,4,3,4,2,6,3,6,5,6,3,4,4,6,5,4,5,5,6,4,3,3,3,3,4,5,5,7,7,3,4,4,5,3,3,4,4,5,6,4,5,5,4,5,3,9,4,4,3,7,4,7,3,6,3,2,6,7,6,6,2,5,5,7,4,8,3,5,4,4,4,2,5,4,6,9,6,4,4,4,5,5,3,5,4,8,5,5,5,5,4,5,5,3,6,6,7,3,4,8,7,7,4,7,0,5,6,5,6,2,5,8,5,4,6,6,6,3,6,5,3,5,3,6,6,6,4,4,9,4,4,5,4,4,4,5,3,3,3,4,3,5,4,4,4,3,3,4,4,4,3,8,5,3,5,7,3,4,8,4,5,4,3,4,5,6,5,2,4,4,4,3,5,4,5,3,5,4,4,4,3,3,4,3,3,2,3,3,4,3,2,2,1,3,3,2,3,4,5,5,4,3,2,3,5,3
"mysteri",2,0,3,4,3,2,3,2,3,4,4,3,2,3,2,4,3,4,4,5,2,3,4,4,3,3,4,4,5,3,0,3,2,2,4,3,4,5,4,2,3,2,4,2,1,4,2,3,3,3,4,3,3,4,3,5,1,3,2,5,3,5,1,3,2,1,4,4,4,5,2,3,5,5,3,4,2,4,3,2,2,2,3,3,4,5,4,4,3,3,4,2,3,2,3,5,3,3,4,4,3,3,5,2,4,5,5,1,3,5,4,4,1,4,5,0,4,2,3,2,3,5,5,2,5,4,4,3,4,4,3,2,2,3,3,4,2,2,5,3,3,4,3,3,3,3,3,2,2,3,1,3,3,2,2,2,2,3,3,2,2,4,3,1,2,4,1,3,4,2,3,3,1,3,2,3,3,2,3,3,2,2,3,3,2,2,3,2,2,1,1,1,2,1,2,1,1,1,1,0,0,0,0,1,1,0,1,1,2,2,1,1,0,1,1,1
"near",4,2,3,5,3,2,3,5,2,3,4,4,3,4,3,4,3,4,6,5,4,4,3,7,3,3,4,5,6,5,1,2,3,4,3,5,4,7,5,3,4,4,5,2,4,3,5,3,5,4,5,5,3,4,3,8,4,4,2,7,3,6,1,5,5,3,4,6,7,5,2,7,4,6,3,6,3,3,5,2,3,4,6,4,7,7,5,5,5,4,5,3,4,5,3,6,4,3,3,6,3,4,5,3,6,5,6,4,4,7,6,6,2,6,6,4,0,5,7,3,5,8,4,4,4,6,5,4,4,5,4,5,4,4,4,5,3,6,8,5,2,4,4,4,4,5,4,3,2,5,3,3,3,4,6,4,4,4,3,4,3,5,4,1,5,5,3,2,5,4,5,4,3,3,5,5,5,2,3,4,4,4,3,4,3,2,3,4,2,3,3,2,4,2,2,4,3,3,3,4,3,2,1,3,4,2,3,3,4,5,4,4,4,4,3,3
"never",2,3,2,3,2,1,2,4,2,3,2,2,2,3,2,4,2,2,4,3,2,2,2,5,2,2,2,3,4,4,2,1,2,3,1,3,4,4,4,1,2,2,3,1,4,1,3,2,4,3,2,5,2,2,0,6,3,3,1,5,2,4,2,3,3,3,3,6,5,3,1,4,2,5,1,5,3,2,4,3,4,2,5,2,5,6,5,2,4,2,3,3,1,5,3,5,5,2,1,3,2,4,3,3,5,4,5,4,3,6,6,6,3,5,5,2,5,0,6,2,5,6,2,5,3,4,5,2,4,2,2,4,2,4,4,5,3,4,6,4,2,3,3,4,2,3,2,3,2,3,3,2,2,4,4,3,2,2,1,3,1,4,2,1,4,4,3,0,4,3,3,3,3,3,4,4,4,1,3,3,4,3,3,3,2,2,3,4,3,3,4,3,4,2,2,3,4,3,3,4,3,2,1,3,4,2,4,2,4,5,4,4,3,4,4,4
"object",3,3,3,5,2,2,2,5,3,3,3,3,2,4,3,4,3,3,5,4,3,3,3,7,3,3,3,4,5,5,2,1,2,3,2,4,4,6,5,2,3,3,4,2,5,2,4,2,5,5,4,6,3,3,2,8,4,3,2,7,4,6,2,5,5,4,4,6,6,4,2,6,3,6,2,6,3,2,5,3,4,3,6,3,6,7,5,4,5,4,4,3,3,6,3,6,5,3,2,5,2,4,4,3,7,5,6,5,4,7,7,7,3,5,6,3,7,6,0,2,5,8,3,5,4,6,5,4,5,4,3,6,3,4,5,5,4,5,8,4,2,3,3,4,3,4,3,3,2,4,3,3,2,4,5,3,3,3,2,4,2,5,3,1,5,5,3,1,5,4,4,3,3,3,5,5,5,2,4,4,5,5,4,4,4,3,4,5,3,3,4,3,4,2,2,4,4,3,3,5,4,3,1,3,5,3,4,3,5,6,5,5,4,5,4,4
"physicist",2,2,2,5,2,2,2,2,1,2,4,2,3,1,3,3,2,3,4,2,2,2,2,4,3,2,1,5,3,4,0,3,3,2,2,2,4,3,3,2,3,3,4,1,1,3,2,2,2,1,2,3,2,2,2,5,1,4,1,4,1,2,1,2,3,2,4,5,5,2,3,4,4,5,2,4,3,4,3,2,2,4,2,2,3,5,4,2,3,1,4,3,3,3,4,4,2,1,3,2,3,2,3,3,2,5,4,2,2,5,4,3,2,5,2,2,3,2,2,0,4,3,3,3,4,2,4,2,2,2,4,4,3,4,3,5,2,4,5,4,3,4,3,3,2,3,3,3,2,2,3,4,2,2,2,3,1,3,2,1,2,3,1,1,2,3,3,2,1,3,3,4,3,4,2,3,2,2,1,1,1,1,1,1,0,2,1,1,1,2,3,2,3,2,1,2,2,2,1,2,2,2,2,2,2,2,2,0,1,1,1,1,1,1,0,1
"planet",3,2,2,5,2,2,3,4,2,4,3,3,3,3,2,5,2,3,6,4,2,2,3,5,3,3,3,5,4,5,2,3,3,3,2,3,6,4,4,2,2,3,4,1,3,2,3,3,5,3,3,5,3,3,2,7,3,5,0,7,2,5,3,5,3,3,5,7,6,3,2,5,4,7,3,6,3,4,5,4,3,4,4,3,5,7,6,3,5,1,3,4,3,4,5,6,4,1,3,3,4,4,4,3,4,6,5,4,2,7,6,6,3,6,5,3,5,5,5,4,0,6,3,4,5,5,5,3,3,3,4,4,4,4,3,6,2,5,7,4,3,4,4,5,3,3,4,5,4,3,3,4,4,4,4,5,2,3,1,3,3,5,2,2,4,6,4,1,4,4,4,5,4,5,4,6,5,2,3,3,4,3,3,2,1,3,3,3,3,2,4,3,4,1,2,2,3,3,3,4,4,3,2,3,4,3,4,1,3,4,3,3,2,3,3,3
"point",4,3,4,7,4,3,4,5,4,5,5,4,3,4,4,6,3,5,6,6,4,4,4,8,4,4,5,6,7,6,3,3,3,5,4,5,6,8,8,3,4,5,6,3,6,4,5,5,6,5,5,6,4,5,4,11,5,5,3,9,5,8,3,7,5,4,6,8,7,6,2,8,5,9,4,8,4,4,6,4,5,4,6,5,8,10,7,5,6,5,6,5,4,7,4,8,6,4,4,6,4,5,6,4,9,8,9,5,5,10,8,8,3,7,8,5,8,6,8,3,6,0,5,6,6,7,7,4,6,6,5,7,4,6,6,7,4,7,10,5,4,5,4,5,4,6,4,5,4,5,5,6,4,5,6,4,4,5,4,5,4,8,4,3,7,7,4,4,7,6,6,5,4,6,6,7,6,3,5,5,5,5,5,5,5,3,5,5,5,4,4,4,5,4,3,4,4,4,3,5,4,3,2,4,5,3,4,4,7,7,6,5,4,5,4,4
"result",2,1,3,5,3,3,3,2,3,4,5,3,3,3,3,5,4,4,4,5,3,3,4,5,4,3,4,5,5,4,0,3,3,2,4,3,4,5,5,3,4,3,4,3,1,5,2,4,3,3,4,4,3,4,3,6,1,4,3,5,3,5,1,3,3,1,5,5,5,5,3,4,6,6,3,5,2,5,3,2,2,2,3,3,4,6,4,4,3,3,5,2,3,3,4,5,3,3,4,4,3,3,5,3,4,6,6,1,3,6,5,4,1,5,5,5,4,2,3,3,3,5,0,3,6,4,5,3,5,4,3,3,2,4,4,5,3,2,6,4,4,5,3,3,3,4,3,2,2,3,2,4,3,2,2,2,2,3,4,2,2,5,3,1,2,4,1,4,4,2,3,4,1,4,2,3,3,2,3,3,2,2,3,3,2,3,3,2,3,2,2,2,3,2,3,2,2,1,1,0,0,0,0,1,1,0,1,1,2,2,1,1,0,1,1,1
"right",1,4,2,4,2,1,1,3,2,3,3,1,2,2,3,4,3,2,3,2,3,2,2,6,3,2,1,3,4,5,2,1,2,4,1,2,4,4,6,1,3,2,3,1,5,2,2,3,3,3,2,5,1,1,0,7,2,3,2,4,2,3,1,3,3,3,3,6,5,3,2,5,3,6,0,5,3,3,4,2,4,2,4,1,4,7,5,2,3,2,4,4,1,5,4,5,5,2,1,3,1,4,3,5,6,6,7,3,3,7,6,5,3,5,4,2,4,5,5,3,4,6,3,0,4,3,6,2,5,1,3,6,1,5,5,6,4,4,6,5,3,4,3,4,2,4,2,4,3,3,5,4,1,4,3,2,2,2,2,3,0,5,2,2,5,3,3,2,3,4,2,3,3,5,3,4,3,1,3,2,3,3,3,3,2,3,3,4,4,3,5,5,4,4,2,4,5,2,2,3,2,2,2,2,4,2,4,1,5,4,3,4,2,4,3,4
"scientist",2,2,3,7,3,4,3,2,4,5,5,3,3,3,3,6,4,5,5,5,3,3,5,6,5,4,4,6,5,5,1,4,3,2,4,3,6,5,6,3,4,4,5,3,2,5,2,4,5,4,4,5,4,4,4,8,2,5,3,7,4,6,3,5,3,2,7,7,6,5,4,5,7,8,4,7,3,6,4,4,3,3,3,3,4,8,6,4,4,3,5,4,4,4,6,7,4,3,5,4,4,4,5,3,5,8,7,2,3,8,7,6,3,6,6,5,4,3,4,4,5,6,6,4,0,5,6,4,6,4,4,5,3,5,5,7,4,3,8,4,5,6,4,4,4,4,4,4,4,3,3,6,4,3,2,3,2,4,4,3,3,7,3,2,3,6,3,4,5,4,4,5,3,6,3,5,4,3,4,3,3,3,5,3,3,5,4,3,4,2,4,3,4,2,3,2,3,2,2,2,2,2,1,2,3,2,3,1,3,3,2,2,0,2,2,2
"second",3,1,2,5,2,2,3,4,3,4,3,4,3,4,2,5,3,3,5,5,3,3,3,6,4,4,4,4,4,5,2,2,3,2,3,4,4,5,5,3,3,3,3,2,3,3,4,3,5,5,5,5,3,4,3,7,4,3,1,7,4,7,2,6,4,3,5,5,5,4,2,5,4,6,3,5,1,3,5,3,2,3,4,4,5,6,4,5,4,3,3,3,4,4,4,5,3,2,3,5,3,4,4,2,5,5,5,4,2,6,5,5,2,4,6,4,6,4,6,2,5,7,4,3,5,0,4,4,4,5,3,4,4,3,3,4,3,4,7,3,3,3,3,4,3,3,3,3,3,3,2,3,3,3,4,3,3,2,2,4,3,5,3,2,4,5,2,2,5,3,3,3,2,3,4,5,5,1,3,3,4,4,3,2,3,3,3,3,3,1,2,2,2,0,2,2,2,1,2,3,3,2,0,1,3,2,2,2,3,4,3,3,2,3,3,2
"see",2,4,3,6,4,2,3,3,3,5,5,2,3,2,4,6,3,4,4,4,4,3,3,7,4,3,3,5,6,6,1,3,3,4,3,3,6,6,7,2,4,4,5,2,4,4,3,4,4,3,3,5,2,3,2,8,3,5,3,6,3,5,2,3,3,3,5,8,6,5,2,5,5,7,2,7,4,5,5,3,5,3,4,3,6,8,7,3,4,3,6,4,2,6,5,7,6,3,3,4,3,5,5,4,6,7,8,3,4,8,7,6,3,7,6,4,5,5,5,4,5,7,5,6,6,4,0,2,6,3,3,5,2,7,6,8,4,4,8,6,5,6,4,5,3,6,3,4,3,4,5,5,3,5,4,3,3,4,4,4,2,6,3,2,5,5,4,3,5,4,4,5,4,6,4,4,4,2,4,3,3,3,4,4,3,3,4,4,4,4,5,4,5,4,3,4,5,3,2,3,2,2,1,3,4,2,4,2,5,5,4,4,2,4,3,4
"set",1,0,2,4,1,2,1,3,2,2,2,2,1,3,2,2,3,3,4,3,2,2,4,4,2,2,2,3,3,3,0,2,1,1,2,2,3,4,3,1,2,2,3,1,2,2,2,1,3,4,4,3,3,2,3,5,1,2,1,5,3,4,1,4,3,2,3,3,4,3,3,4,4,4,2,3,2,3,3,2,1,3,3,2,3,4,3,4,4,3,2,2,4,2,3,4,2,2,3,4,2,2,3,2,4,4,3,2,2,4,4,4,2,3,3,3,4,2,4,2,3,4,3,2,4,4,2,0,3,3,3,4,3,1,2,3,2,3,5,2,1,3,3,2,3,2,3,2,2,2,0,2,2,1,2,2,2,2,1,2,2,3,2,0,2,3,1,1,2,2,2,2,1,2,1,3,2,2,2,2,2,3,3,2,2,3,2,2,1,0,2,1,2,0,1,2,1,1,2,2,2,2,1,1,3,2,2,1,2,2,1,2,1,2,1,1
"show",1,3,3,5,3,3,2,2,4,4,4,2,2,3,3,5,4,4,3,4,3,3,4,6,4,3,3,4,5,4,1,2,2,2,3,3,4,5,6,2,4,3,4,3,3,4,2,3,4,4,3,5,3,3,2,7,2,3,4,5,4,5,2,3,3,2,5,6,5,5,3,4,5,6,2,6,3,4,3,3,4,1,4,2,4,7,5,3,3,4,5,3,2,5,4,6,5,4,3,4,2,4,4,3,6,6,7,2,4,7,7,6,3,5,6,4,4,4,5,2,3,6,5,5,6,4,6,3,0,3,2,5,1,5,6,6,5,2,7,4,4,5,3,3,3,4,2,2,2,3,3,4,2,3,2,1,2,3,4,3,1,6,3,1,3,4,2,3,5,3,3,3,2,4,3,3,3,2,4,3,3,3,5,4,4,4,4,4,4,3,4,3,4,3,3,3,4,2,2,2,1,1,0,2,3,1,3,2,4,4,3,3,1,3,3,3
"small",3,0,3,5,3,3,4,3,3,3,4,4,3,3,3,4,2,4,4,5,2,3,3,4,3,3,4,5,4,3,1,3,3,1,4,4,3,5,4,3,3,4,4,3,1,4,4,3,3,3,4,3,4,5,4,6,3,3,2,6,4,6,2,4,4,2,5,4,4,4,2,4,4,5,4,4,2,3,3,3,2,3,3,5,5,5,3,4,4,4,4,2,4,4,2,4,2,3,4,4,4,2,4,1,4,4,4,3,3,5,4,4,1,4,5,4,5,2,4,2,3,6,4,1,4,5,3,3,3,0,3,3,4,3,3,3,2,4,6,2,3,3,2,2,2,3,2,1,1,2,1,3,3,1,3,2,2,3,3,2,4,4,2,1,2,4,1,3,4,2,4,3,1,2,3,3,3,2,2,3,2,2,2,2,3,1,2,1,2,2,0,0,2,1,2,1,0,2,1,2,2,1,0,2,1,1,0,3,2,3,3,1,2,1,1,0
"someth",3,1,3,5,2,2,2,2,2,2,4,3,2,2,2,2,2,4,5,3,1,3,3,4,3,3,2,5,4,3,1,3,2,3,3,3,4,4,3,2,3,2,5,1,2,3,2,2,3,2,3,3,3,3,3,6,1,3,1,5,2,3,1,4,3,2,4,4,5,3,3,5,4,6,3,4,3,3,3,2,2,4,3,2,3,6,4,3,3,2,4,4,4,2,3,5,2,2,4,3,3,2,4,3,4,6,5,2,3,6,4,4,2,4,3,3,4,2,3,4,4,5,3,3,4,3,3,3,2,3,0,5,3,3,3,4,2,5,5,3,2,3,3,3,3,2,4,4,3,3,3,5,2,2,2,3,1,4,2,1,2,4,2,2,3,4,3,3,2,5,4,3,3,4,3,5,3,3,2,2,2,2,2,2,1,2,2,2,1,1,2,2,2,2,0,1,1,2,1,2,2,2,3,2,2,2,2,0,2,1,1,1,1,1,0,1
"still",2,4,3,7,3,3,1,3,3,2,4,2,2,2,4,3,3,5,4,2,3,3,3,7,5,3,1,5,4,5,3,2,2,3,2,3,4,6,7,2,4,4,5,2,5,3,3,3,4,4,4,5,3,2,3,10,3,3,3,6,4,4,2,6,5,4,5,6,6,3,4,7,4,7,2,7,4,4,4,3,4,4,4,2,4,9,5,3,4,4,5,6,4,6,4,7,4,4,4,4,2,3,3,5,7,7,7,4,4,8,7,6,5,6,5,2,5,4,6,4,4,7,3,6,5,4,5,4,5,3,5,0,3,6,7,6,5,6,9,4,3,4,3,3,3,5,3,4,3,3,5,7,1,3,3,2,2,4,3,3,2,7,3,3,6,5,4,4,4,6,4,3,4,5,4,6,3,3,3,2,3,4,4,3,5,4,4,4,3,4,5,5,4,5,1,4,4,3,3,5,4,5,4,3,5,5,4,3,6,4,4,4,3,4,3,3
"system",2,0,1,4,2,2,3,3,1,2,2,3,3,2,2,3,1,3,4,3,2,2,2,3,2,2,2,4,2,3,1,3,3,1,2,3,3,3,3,2,2,4,3,1,1,2,4,2,3,2,3,2,3,3,3,5,3,3,0,5,2,4,2,4,3,2,4,4,4,2,2,4,3,4,3,3,2,3,3,3,1,4,2,4,4,4,3,3,4,2,2,3,4,3,3,3,1,1,3,3,4,2,2,1,2,3,2,3,1,4,3,3,2,4,3,2,4,2,3,3,4,4,2,1,3,4,2,3,1,4,3,3,0,2,1,3,1,5,5,2,2,3,3,2,2,2,2,2,2,1,1,2,3,1,3,3,2,2,1,2,4,3,1,1,2,3,2,1,2,2,3,3,2,2,2,3,2,1,0,1,1,1,1,0,1,1,0,0,1,1,1,0,2,0,1,1,0,2,2,3,3,2,1,2,2,2,1,2,1,2,2,1,2,1,1,0
"that",2,4,3,6,5,2,3,2,3,4,5,2,3,1,5,5,2,5,3,3,3,3,2,6,5,3,2,5,5,5,2,3,3,3,3,3,6,6,8,2,4,4,5,2,4,4,3,4,3,3,4,5,2,3,2,9,3,4,3,5,3,4,2,3,4,3,5,7,5,4,2,5,4,7,2,7,4,5,4,3,5,3,3,3,5,8,7,3,3,3,6,5,2,6,4,8,5,4,4,3,3,4,4,4,5,7,7,3,4,8,6,5,4,8,6,3,4,4,4,4,4,6,4,5,5,3,7,1,5,3,3,6,2,0,8,7,4,5,8,5,5,5,3,4,2,6,2,3,2,3,6,7,2,4,3,3,3,4,4,3,2,7,3,4,5,5,4,5,6,5,5,4,4,5,4,5,3,3,3,2,2,3,3,3,5,2,4,3,4,5,5,5,5,6,3,4,5,3,2,3,2,3,3,3,3,3,3,3,6,4,4,3,3,3,3,4
"thing",2,4,4,6,4,3,2,2,4,3,5,2,2,2,5,4,3,5,3,3,2,3,3,6,5,3,2,5,5,4,2,2,2,2,3,3,5,6,7,2,4,3,5,3,4,4,2,3,3,4,4,6,3,3,2,9,2,3,4,5,4,4,2,3,5,3,5,6,5,4,3,5,4,7,2,7,4,4,3,3,5,2,4,2,4,8,6,3,3,4,6,4,2,6,3,8,5,5,4,3,2,3,4,4,6,7,7,3,5,8,7,6,4,7,6,3,4,4,5,3,3,6,4,5,5,3,6,2,6,3,3,7,1,8,0,6,5,4,8,4,4,4,2,3,2,5,2,2,1,3,5,7,1,3,2,2,2,4,4,2,1,7,3,3,4,5,3,5,6,5,5,3,3,4,4,5,3,4,4,3,3,4,4,4,6,3,5,4,4,5,5,5,5,6,3,4,5,3,2,3,2,3,3,3,3,3,3,3,6,4,4,3,3,3,3,4
"think",2,4,3,7,4,3,3,3,3,5,5,2,3,2,4,6,3,5,5,4,4,3,4,7,4,3,3,6,6,6,1,4,3,4,3,3,7,6,7,2,4,5,6,2,4,4,3,4,5,3,3,5,3,3,3,9,3,6,3,7,3,5,3,4,3,3,6,9,7,5,3,6,6,8,3,8,5,6,5,4,5,4,4,3,6,9,8,3,5,3,6,5,3,6,6,8,6,3,4,4,4,5,5,4,6,8,8,3,4,9,8,7,4,8,6,4,5,5,5,5,6,7,5,6,7,4,8,3,6,3,4,6,3,7,6,0,4,5,9,6,5,7,5,5,4,6,4,5,4,4,5,6,4,5,4,4,3,5,4,4,3,7,3,2,5,6,5,3,5,5,5,6,5,7,4,5,4,3,4,3,3,3,5,4,3,4,4,4,4,4,6,4,6,4,3,4,5,4,3,4,3,3,2,4,5,3,5,2,5,5,4,4,2,4,3,4
"thought",1,3,2,4,2,2,1,1,3,2,3,2,2,2,2,3,3,3,2,2,2,3,2,5,4,3,1,3,3,3,1,1,2,1,2,3,2,3,4,2,4,2,3,2,2,3,2,1,3,3,2,4,2,2,1,5,2,1,3,3,3,3,1,2,3,2,4,4,4,3,3,3,3,4,1,4,2,2,2,2,3,1,3,1,2,5,3,2,1,3,4,3,2,4,3,4,3,3,2,3,1,3,2,2,4,4,5,2,3,5,5,4,3,3,4,2,3,3,4,2,2,4,3,4,4,3,4,2,5,2,2,5,1,4,5,4,0,2,5,3,3,3,2,2,2,2,1,1,1,2,3,3,0,2,1,0,1,2,3,2,0,4,2,1,2,2,2,2,3,3,2,1,2,2,3,2,2,1,2,1,2,2,3,2,3,3,2,3,2,2,3,2,2,2,1,2,3,1,1,2,1,1,0,1,2,1,2,1,2,2,2,2,1,2,2,2
"three",3,2,2,5,3,2,3,4,1,2,3,3,3,2,4,3,1,4,5,3,3,3,2,5,2,2,2,5,4,4,2,3,3,4,2,4,5,5,6,2,3,5,5,1,5,2,5,3,4,3,4,4,3,3,3,9,4,4,1,6,2,4,2,5,5,3,4,6,6,3,2,8,3,7,3,5,4,3,4,3,3,5,4,4,6,7,6,4,5,3,4,5,4,5,3,6,3,2,3,4,4,3,3,3,5,6,5,4,3,8,5,5,3,7,4,2,6,4,5,4,5,7,2,4,3,4,4,3,2,4,5,6,5,5,4,5,2,0,7,4,2,4,4,3,3,4,3,4,3,3,5,5,3,3,5,5,4,4,2,3,4,6,2,3,5,4,4,3,4,6,6,4,4,4,4,6,3,3,1,2,2,3,2,2,3,1,1,2,3,3,4,3,5,4,2,4,3,4,3,5,4,3,4,4,4,3,3,3,5,4,4,3,5,3,2,3
"time",4,4,4,9,5,5,4,5,4,5,6,4,4,4,5,7,4,7,7,6,5,4,5,9,6,4,5,8,7,7,3,4,4,4,4,5,7,9,9,4,5,7,7,4,5,5,5,6,7,5,6,7,5,5,5,13,5,7,4,10,5,8,4,8,6,4,8,10,9,6,4,9,7,10,5,11,5,7,6,5,5,5,6,5,8,12,8,5,7,5,7,6,5,8,6,10,6,5,6,6,5,5,6,5,8,9,9,5,5,11,10,9,5,10,9,5,8,6,8,5,7,10,6,6,8,7,8,5,7,6,5,9,5,8,8,9,5,7,0,6,5,7,5,5,5,8,5,5,4,5,5,8,5,5,6,5,4,6,5,5,5,10,5,3,7,9,5,5,8,6,7,7,5,7,6,8,6,4,5,5,5,5,6,5,6,5,6,5,5,6,6,5,7,5,4,5,5,5,5,6,5,5,3,5,6,5,5,5,7,7,6,5,4,5,5,4
"tri",2,3,2,4,3,1,2,3,1,3,4,2,3,2,3,4,3,3,4,3,4,3,2,6,3,2,2,4,5,5,0,2,3,4,2,3,4,5,5,2,4,3,4,1,3,3,3,3,3,2,3,4,1,2,1,6,2,4,2,4,1,3,0,2,3,2,3,6,6,4,2,5,4,5,1,5,3,4,4,1,3,3,4,2,5,6,5,3,3,2,5,3,2,4,4,5,4,2,2,4,2,4,4,4,4,5,6,2,3,6,5,4,2,6,4,3,5,4,4,4,4,5,4,5,4,3,6,2,4,2,3,4,2,5,4,6,3,4,6,0,3,5,4,4,3,5,3,3,2,4,4,3,2,4,4,3,3,3,3,3,1,4,3,1,4,3,3,2,3,3,3,4,3,4,3,3,3,1,2,2,2,2,2,3,1,2,2,3,2,3,4,3,4,3,2,4,4,2,2,2,1,1,1,2,3,1,3,1,3,3,2,3,2,3,2,3
"turn",1,2,2,5,3,2,3,1,3,4,4,2,3,1,3,5,2,3,2,3,2,2,2,4,4,3,2,4,3,4,1,3,3,1,3,2,4,3,5,2,3,3,3,2,1,4,2,3,2,2,2,3,2,3,2,5,2,3,2,4,3,4,2,2,2,2,5,5,3,3,2,2,4,5,2,4,2,4,3,3,3,2,1,3,3,5,4,2,2,2,4,3,2,4,4,4,3,2,3,2,3,3,3,2,3,5,5,2,2,5,4,3,2,4,4,3,2,2,2,3,3,4,4,3,5,3,5,1,4,3,2,3,2,5,4,5,3,2,5,3,0,4,2,3,1,3,1,2,2,1,3,4,2,2,1,1,1,2,3,2,2,4,1,2,2,3,2,3,3,2,2,3,2,4,2,2,2,1,2,1,1,1,2,1,2,2,2,1,3,2,2,2,2,2,2,1,2,1,0,1,1,1,0,1,1,1,1,1,2,2,2,1,0,1,1,1
"understand",1,2,2,5,4,3,3,2,2,4,4,2,3,2,3,5,3,5,4,4,4,3,4,5,3,2,3,5,5,4,0,4,3,3,3,3,5,5,6,2,4,5,5,2,2,4,3,4,4,2,3,3,3,3,3,7,2,5,3,5,2,4,2,3,2,1,5,7,6,5,3,5,6,6,3,6,4,6,3,3,3,3,3,3,5,7,6,3,4,3,5,4,3,4,5,6,4,3,4,4,4,4,4,3,4,6,6,1,3,7,6,5,3,7,5,4,4,3,3,4,4,5,5,4,6,3,6,3,5,3,3,4,3,5,4,7,3,4,7,5,4,0,5,3,4,5,3,3,3,3,3,4,4,3,3,3,3,4,4,3,3,6,3,1,3,4,3,3,4,3,4,5,3,5,2,3,2,2,2,2,1,1,4,3,2,3,2,2,3,3,4,2,5,3,3,3,3,3,3,2,1,1,1,3,3,1,3,2,3,3,2,2,1,2,2,2
"wrong",1,1,1,3,3,1,2,2,1,3,2,2,2,2,1,3,2,4,4,3,3,3,3,4,2,2,2,3,4,3,0,3,2,3,2,3,4,4,4,1,3,3,4,0,2,2,3,2,4,2,3,2,2,2,2,5,2,3,1,4,1,3,1,3,1,1,3,5,5,4,2,4,4,4,2,4,3,4,3,2,2,3,3,2,4,5,5,3,3,2,3,4,3,2,4,5,3,2,3,4,3,4,3,2,3,4,4,1,2,5,4,4,3,5,4,3,4,3,3,3,4,4,3,3,4,3,4,3,3,2,3,3,3,3,2,5,2,4,5,4,2,5,0,3,4,3,3,3,3,3,2,2,3,3,3,3,3,3,2,3,2,4,3,1,3,3,3,1,3,3,3,3,3,3,2,3,2,1,1,1,1,1,3,2,1,2,1,2,1,1,3,1,3,1,1,2,2,2,3,2,1,1,1,2,3,1,3,1,2,2,1,2,1,2,2,2
"zero",2,2,2,4,2,0,2,3,2,4,3,2,2,2,2,4,2,2,4,3,2,2,2,5,3,3,2,3,4,5,1,2,2,3,2,2,5,4,4,1,2,1,3,0,3,2,2,2,3,3,3,4,1,2,1,5,2,3,0,5,2,4,1,3,2,3,3,5,4,3,1,3,3,5,1,4,2,3,5,2,3,3,3,2,4,5,5,3,3,1,3,3,2,3,4,5,4,1,2,3,2,4,4,3,4,5,5,3,2,5,4,4,2,4,4,3,4,4,4,3,5,5,3,4,4,4,5,2,3,2,3,3,2,4,3,5,2,3,5,4,3,3,3,0,2,3,3,4,3,3,3,3,2,4,3,3,2,2,1,3,1,3,2,2,4,4,3,1,3,3,2,3,3,4,3,4,4,1,3,2,3,3,2,2,1,2,3,3,2,1,3,3,2,1,1,2,3,1,1,2,2,2,1,1,3,2,3,0,3,3,2,3,1,3,2,3
"allow",2,1,1,3,2,2,1,1,1,2,2,2,1,2,0,2,2,4,4,3,3,3,3,4,2,2,3,3,4,2,0,2,1,3,2,3,3,4,3,2,3,3,4,1,2,2,2,2,5,2,3,2,2,2,3,5,2,3,2,4,1,3,1,4,1,0,3,4,5,4,2,5,4,4,3,5,2,3,2,1,1,2,3,1,3,5,4,3,2,2,3,3,3,1,3,5,2,2,3,4,2,3,3,1,3,4,4,0,2,5,4,4,2,4,4,3,4,2,3,2,3,4,3,2,4,3,3,3,3,2,3,3,2,2,2,4,2,3,5,3,1,4,4,2,0,3,4,3,3,4,2,3,3,3,3,3,3,4,3,3,2,5,4,1,3,4,3,2,4,4,4,3,3,3,3,4,3,2,2,2,2,2,4,3,2,3,2,3,1,1,3,1,3,1,1,2,2,2,3,2,1,1,1,2,3,1,3,1,2,2,1,2,1,2,2,2
"almost",2,3,2,5,4,2,2,3,1,3,4,1,2,1,4,4,2,4,3,3,5,2,2,6,3,1,3,4,5,5,1,2,2,4,2,2,4,7,7,2,3,5,4,2,4,3,3,5,3,2,4,3,1,2,3,8,3,5,3,5,2,4,1,4,3,2,3,6,5,4,1,6,4,5,2,7,3,5,4,1,3,3,3,3,6,7,5,3,4,3,5,3,2,5,3,6,4,3,3,4,2,3,4,4,5,5,6,2,3,6,5,4,2,7,5,3,5,3,4,3,3,6,4,4,4,3,6,2,4,3,2,5,2,6,5,6,2,4,8,5,3,5,3,3,3,0,3,3,2,4,4,5,3,4,5,3,4,4,4,4,3,6,4,2,6,5,3,4,5,3,4,5,3,5,3,4,3,2,3,3,2,3,3,4,4,2,4,3,3,5,4,4,5,5,3,5,4,3,3,3,2,3,2,3,4,3,3,4,6,5,4,4,3,4,3,3
"alon",3,1,2,4,1,2,1,2,1,2,3,2,1,2,1,2,2,3,5,3,2,2,3,4,2,2,3,4,4,3,0,2,1,3,2,2,4,4,2,2,2,2,4,1,2,2,1,2,4,2,3,3,2,2,3,5,1,4,1,5,1,3,1,4,2,1,3,4,5,3,2,5,4,5,3,5,2,3,3,1,1,3,3,1,3,5,4,3,3,1,3,2,3,1,3,5,2,1,3,3,2,2,4,2,3,5,4,1,2,5,4,4,1,4,3,3,4,2,3,3,4,4,3,2,4,3,3,3,2,2,4,3,2,2,2,4,1,3,5,3,1,3,3,3,4,3,0,4,3,4,2,4,3,3,3,4,2,4,2,2,2,4,3,1,3,5,3,2,3,4,4,4,3,4,3,5,4,3,3,3,3,3,3,3,1,3,3,3,1,1,3,2,3,1,1,2,2,2,2,2,2,2,2,2,3,2,3,0,2,2,1,2,1,2,1,2
"alway",2,2,1,4,1,1,1,2,1,3,2,1,1,1,1,3,1,2,4,2,2,1,2,4,2,2,2,3,3,4,2,2,1,4,1,1,5,3,4,1,1,2,3,0,4,1,1,3,4,2,2,3,1,1,2,6,2,4,0,5,1,3,2,5,1,2,3,5,4,2,1,5,3,6,2,5,2,3,4,2,2,3,2,1,3,6,5,2,3,0,2,4,2,2,4,5,3,0,2,2,2,3,3,3,4,6,5,2,1,6,4,4,2,4,3,2,3,3,3,3,5,5,2,4,4,3,4,2,2,1,4,4,2,3,2,5,1,4,5,3,2,3,3,4,3,3,4,0,5,3,4,5,3,4,3,4,2,3,1,3,2,5,2,3,5,5,4,2,3,5,3,4,4,6,3,6,4,2,3,2,3,3,3,2,1,3,3,3,3,1,4,4,3,2,1,2,3,2,2,3,3,3,3,2,4,3,4,0,4,3,2,3,1,3,2,3
"avail",1,1,0,3,1,1,1,1,1,3,1,1,1,1,0,3,1,2,3,2,2,1,2,3,2,2,2,2,2,3,2,2,1,3,1,1,4,2,4,1,1,2,2,0,3,1,1,3,4,2,2,2,1,1,2,5,2,3,0,4,1,3,2,5,0,1,3,4,3,2,1,4,3,5,2,4,1,3,3,2,1,2,1,1,2,5,4,2,2,0,1,4,2,1,4,4,2,0,2,2,2,3,2,2,3,5,4,1,0,5,3,3,2,3,3,2,2,2,2,2,4,4,2,3,4,3,3,2,2,1,3,3,2,2,1,4,1,3,4,2,2,3,3,3,3,2,3,5,0,2,3,4,3,3,2,3,2,2,1,3,2,5,2,3,4,4,3,2,3,4,2,3,3,5,2,5,3,1,2,1,2,2,3,1,1,3,2,2,3,0,3,3,2,1,1,1,2,1,2,2,2,2,2,1,3,2,3,0,3,2,1,2,0,2,2,2
"becom",3,2,2,3,2,1,1,2,1,2,3,2,1,2,1,2,2,3,4,3,3,3,2,5,2,2,3,3,5,3,0,1,1,4,2,3,3,5,3,2,3,2,4,1,3,2,2,2,4,2,3,3,1,2,2,5,2,3,2,4,1,3,0,3,2,1,2,4,5,4,1,5,3,4,2,5,2,2,3,0,2,2,4,1,4,5,4,3,2,2,4,2,2,2,2,5,3,2,2,4,1,3,4,2,4,4,5,1,3,5,4,4,1,4,4,3,5,3,4,2,3,5,3,3,3,3,4,2,3,2,3,3,1,3,3,4,2,3,5,4,1,3,3,3,4,4,4,3,2,0,3,3,2,4,4,3,3,4,3,3,1,4,4,1,4,4,3,2,4,4,4,3,3,3,4,4,4,2,3,3,3,3,3,4,2,2,3,4,1,2,3,2,3,2,1,3,3,2,2,2,1,1,1,2,3,1,3,1,3,3,2,3,2,3,2,3
"best",2,4,1,4,2,1,1,1,1,2,3,1,2,0,3,3,1,2,2,1,3,2,0,5,3,2,1,3,3,4,2,1,2,4,1,2,4,3,6,2,3,3,3,1,5,2,2,3,3,2,2,4,0,1,1,7,3,3,2,3,1,2,1,3,3,2,3,5,4,2,1,6,2,6,1,5,2,2,3,1,3,2,2,1,3,6,5,2,1,1,4,4,1,4,3,5,3,1,1,2,1,3,2,3,4,6,6,2,2,7,4,3,2,5,3,1,3,3,3,3,3,5,2,5,3,2,5,0,3,1,3,5,1,6,5,5,3,5,5,4,3,3,2,3,2,4,2,4,3,3,0,6,1,4,3,3,3,3,3,3,1,6,2,4,5,3,4,4,4,6,4,3,4,5,4,5,3,2,2,1,2,3,2,2,3,2,2,3,4,3,5,5,4,5,2,4,5,2,1,3,2,2,3,2,3,2,3,1,5,3,3,3,3,3,2,4
"cant",3,3,3,7,3,4,2,1,3,3,5,2,2,1,4,4,2,5,4,3,2,2,3,5,5,3,3,6,4,4,3,3,2,3,3,2,6,5,7,3,3,4,5,3,4,4,1,5,4,3,4,5,3,3,4,10,2,5,3,6,3,4,3,6,4,2,6,6,5,3,3,7,5,9,4,8,3,5,3,3,3,3,2,2,3,9,6,3,3,2,5,5,3,4,4,8,3,3,5,2,3,2,4,4,5,9,7,2,3,9,6,5,3,7,5,3,3,2,3,4,4,6,4,4,6,3,5,2,4,3,5,7,2,7,7,6,3,5,8,3,4,4,2,3,3,5,4,5,4,3,6,0,3,3,2,4,2,5,4,2,3,9,3,5,5,7,4,7,6,7,6,5,4,7,4,8,4,5,4,3,3,4,4,3,5,4,5,3,5,4,5,6,5,6,3,3,4,3,2,3,3,4,5,3,3,4,3,2,6,3,3,2,2,2,2,3
"challeng",2,0,1,3,2,3,3,2,1,3,2,2,2,2,1,4,1,3,4,4,2,1,3,2,1,1,4,4,3,2,1,3,2,2,2,2,4,3,3,2,1,4,3,2,1,2,2,4,4,1,2,2,3,3,3,5,2,5,1,5,1,4,3,4,1,0,4,5,4,3,1,4,4,5,4,5,2,4,2,3,1,2,2,3,4,5,4,2,4,1,2,2,2,2,3,4,2,1,3,2,4,2,3,1,2,4,3,1,1,5,4,4,1,5,4,3,3,2,2,2,4,4,3,1,4,3,3,2,2,3,2,1,3,2,1,4,0,3,5,2,2,4,3,2,3,3,3,3,3,2,1,3,0,2,3,4,2,3,2,2,4,5,2,1,2,5,2,2,4,2,4,5,2,4,2,4,3,2,2,3,2,1,3,2,1,2,2,1,3,2,2,1,4,1,3,1,1,3,3,2,2,1,1,3,2,1,2,2,2,3,2,1,1,1,2,1
"director",2,3,1,3,2,0,1,2,1,3,2,1,1,1,1,3,1,2,3,2,3,2,1,5,2,2,2,2,4,4,1,1,1,4,1,2,4,4,4,1,2,2,3,0,4,1,2,2,4,2,2,3,0,1,1,5,3,3,1,4,1,3,1,3,1,2,2,5,4,3,0,4,2,4,1,5,2,2,4,1,3,2,3,1,4,5,5,2,2,1,3,3,1,3,3,5,4,1,1,3,1,4,3,2,4,4,5,2,2,5,4,4,2,4,4,2,4,4,4,2,4,5,2,4,3,3,5,1,3,1,2,3,1,4,3,5,2,3,5,4,2,3,3,4,3,4,3,4,3,4,4,3,2,0,4,3,3,3,2,4,1,4,3,2,5,4,4,1,4,4,3,3,4,4,4,4,4,1,3,2,3,3,3,3,2,2,3,4,2,2,4,3,3,2,1,3,4,2,2,3,2,2,1,2,4,2,4,1,4,4,3,4,2,4,3,4
"end",3,2,1,3,2,1,2,4,0,2,2,2,2,2,2,3,1,2,4,3,4,2,1,5,1,1,3,3,4,4,1,1,2,4,1,3,3,5,4,2,2,4,3,1,4,1,4,3,4,2,3,3,1,2,2,6,4,4,1,5,1,4,1,4,3,2,2,5,5,3,0,6,2,4,2,5,2,2,4,1,2,3,4,3,6,5,4,3,4,2,3,2,2,4,2,4,3,1,1,4,2,3,3,2,4,3,4,3,2,5,4,4,1,5,4,2,6,4,5,2,4,6,2,3,2,4,4,2,2,3,2,3,3,3,2,4,1,5,6,4,1,3,3,3,3,5,3,3,2,4,3,2,3,4,0,4,4,3,2,4,3,4,3,1,5,4,3,1,4,3,4,4,3,3,4,4,4,1,2,3,3,3,2,3,2,1,2,3,2,3,3,2,4,2,2,4,3,3,3,4,3,2,1,3,4,2,3,3,4,5,4,4,4,4,3,3
"find",3,1,1,3,1,2,2,3,0,2,2,2,2,2,2,3,1,2,5,3,2,1,2,3,1,1,3,4,3,3,1,2,2,3,1,2,5,3,3,2,1,3,3,1,3,1,2,3,4,2,3,4,2,2,2,6,2,5,0,5,0,3,2,4,3,1,3,5,5,2,1,6,3,6,3,5,2,3,3,2,1,3,3,2,4,5,5,3,4,0,2,2,2,2,3,5,2,0,2,2,3,2,3,2,2,5,3,2,1,6,4,4,1,6,3,2,4,3,3,3,5,4,2,2,3,3,3,2,1,2,3,2,3,3,2,4,0,5,5,3,1,3,3,3,3,3,4,4,3,3,3,4,4,3,4,0,3,3,1,2,3,5,2,2,3,5,3,2,4,4,5,5,3,4,3,6,4,3,2,3,3,3,2,2,1,2,2,2,3,2,4,3,5,2,3,3,3,3,3,3,3,2,3,3,3,2,3,1,3,3,2,2,3,2,2,3
"fli",1,1,0,2,2,0,1,2,0,2,1,1,1,1,2,2,1,2,2,2,4,2,1,4,1,1,2,1,3,3,0,1,1,3,1,2,3,4,5,1,2,3,2,0,4,1,3,2,3,3,4,2,0,1,2,5,3,2,1,3,1,3,0,3,2,1,1,3,3,3,0,5,2,3,1,3,1,2,3,0,1,2,2,2,4,3,4,4,2,2,2,2,2,2,2,4,2,1,1,4,1,3,2,1,3,3,3,1,1,4,2,2,1,4,3,2,4,2,3,1,2,4,2,2,2,3,3,2,2,2,1,2,2,3,2,3,1,4,4,3,1,3,3,2,3,4,2,2,2,3,3,2,2,3,4,3,0,2,2,4,2,4,3,2,4,2,2,2,4,3,3,2,2,2,2,3,2,1,1,1,1,3,2,2,3,1,1,2,2,1,3,2,3,2,2,4,3,1,2,2,1,1,1,1,3,1,2,2,4,3,2,3,3,3,2,3
"idea",3,2,3,5,3,3,2,1,2,2,4,2,1,1,2,2,1,5,4,3,2,3,3,4,2,2,3,5,5,2,0,3,1,3,3,3,4,5,3,2,3,4,6,2,2,3,2,2,4,1,2,2,3,3,4,6,2,4,3,5,2,3,2,3,2,1,4,5,5,4,2,5,4,5,4,6,4,3,2,2,3,3,3,2,4,6,5,2,3,3,5,3,3,3,2,6,3,3,4,3,3,2,4,1,4,5,5,1,4,6,5,5,2,5,4,3,4,2,3,3,3,5,3,2,4,2,4,2,3,3,4,4,2,4,4,5,2,4,6,3,2,4,3,2,4,4,4,3,2,4,3,5,3,3,3,3,2,0,4,2,3,5,3,1,3,5,4,3,4,5,6,4,4,4,4,4,3,4,3,3,2,2,4,4,3,2,3,3,1,3,3,1,4,3,1,2,2,4,2,3,2,2,2,4,3,2,3,2,3,3,3,2,2,2,1,2
"insid",2,2,2,4,3,3,2,0,2,2,4,2,2,1,2,3,2,4,2,3,3,3,2,4,3,2,3,4,4,2,0,2,2,2,3,3,2,4,4,3,4,4,4,3,1,4,2,3,3,1,2,2,2,3,3,5,2,3,4,3,2,3,1,2,2,0,4,4,4,4,2,4,4,4,3,5,2,3,1,1,2,1,2,2,3,5,3,2,1,3,5,2,2,3,2,4,2,3,3,3,2,2,3,1,3,4,5,0,3,5,4,3,1,4,4,3,3,1,2,2,1,4,4,2,4,2,4,1,4,3,2,3,1,4,4,4,3,2,5,3,3,4,2,1,3,4,2,1,1,3,3,4,2,2,2,1,2,4,0,2,2,5,3,1,2,3,2,4,4,3,4,3,2,3,3,2,2,2,2,2,1,1,3,3,3,2,2,2,2,3,2,1,3,3,2,2,2,2,1,1,0,0,0,2,1,0,1,2,2,2,2,1,1,1,1,1
"left",1,2,0,3,2,0,1,2,1,3,1,1,1,1,1,3,1,2,2,2,4,2,1,5,2,2,2,1,3,4,1,1,1,3,1,2,3,4,5,1,2,3,2,0,4,1,3,2,4,3,3,2,0,1,2,5,4,2,1,4,2,4,1,4,1,2,2,4,3,3,0,4,2,3,1,4,1,2,4,1,2,2,2,2,4,4,4,3,2,2,2,3,2,3,3,4,3,1,1,4,1,4,2,1,4,3,4,2,1,4,3,3,2,3,4,2,4,3,4,1,3,5,2,3,3,4,4,2,3,2,1,3,2,3,2,4,2,3,5,3,2,3,3,3,3,4,2,3,3,3,3,2,2,4,4,2,4,2,2,0,2,4,3,2,5,3,3,1,4,3,2,2,3,3,3,3,3,0,2,1,2,3,3,2,3,2,2,3,2,1,3,2,2,1,1,3,3,1,2,3,2,2,0,1,4,2,3,2,4,4,3,4,2,4,3,3
"locat",2,0,1,4,2,3,3,2,1,2,2,2,2,1,2,3,0,3,3,3,2,1,2,2,1,1,3,4,2,2,1,3,2,1,2,2,3,3,3,2,1,5,3,2,1,2,3,3,3,1,2,1,3,3,4,5,3,4,1,5,2,4,3,4,2,1,4,4,3,2,1,4,3,4,4,4,2,3,2,3,1,3,1,4,4,4,3,2,4,2,2,2,3,3,2,3,1,1,3,2,4,1,2,0,2,3,2,2,1,4,3,3,1,4,3,2,3,1,2,2,3,4,2,0,3,3,2,2,1,4,2,2,4,2,1,3,0,4,5,1,2,3,2,1,2,3,2,2,2,1,1,3,4,1,3,3,2,3,2,2,0,4,1,1,2,4,2,2,3,2,4,4,2,3,2,3,2,2,1,2,1,1,2,1,2,1,1,0,2,2,1,0,3,1,2,1,0,3,2,3,3,2,1,3,2,2,1,3,2,3,3,1,2,1,1,0
"look",3,3,2,6,4,5,3,2,3,4,4,3,3,3,3,6,3,6,5,5,4,3,4,6,5,3,5,6,5,4,4,3,3,4,3,4,6,6,9,4,4,6,5,4,5,4,3,7,7,4,5,6,4,4,4,12,4,6,4,7,3,6,4,8,4,1,7,8,7,5,3,9,6,10,5,10,3,6,3,4,3,2,4,3,5,11,7,4,4,3,5,6,3,5,5,9,4,4,5,4,4,4,4,4,6,9,8,2,3,11,8,7,4,9,8,4,5,4,5,3,5,8,5,5,7,5,6,3,6,4,4,7,3,7,7,7,4,6,10,4,4,6,4,3,5,6,4,5,5,4,6,9,5,4,4,5,4,5,5,4,4,0,5,5,6,8,4,7,9,7,7,6,4,7,5,9,5,4,4,4,4,4,6,4,6,5,5,4,7,5,6,6,7,6,5,4,5,4,5,4,3,3,4,4,4,3,4,4,7,5,4,3,3,3,5,4
"note",2,1,1,2,3,1,1,1,1,2,2,2,1,2,0,2,2,4,3,3,3,3,2,4,3,2,3,2,4,2,1,1,1,3,2,3,2,5,4,2,3,2,3,1,2,2,2,3,4,2,4,2,1,2,2,5,2,2,2,3,1,3,0,4,1,0,2,3,4,4,1,4,3,3,2,5,1,3,2,0,1,1,3,1,3,5,3,3,1,2,3,3,2,1,2,5,2,3,3,4,1,3,3,2,3,3,4,0,2,4,3,3,2,4,5,3,4,2,3,1,2,4,3,2,3,3,3,2,3,2,2,3,1,3,3,3,2,2,5,3,1,3,3,2,4,4,3,2,2,4,2,3,2,3,3,2,3,3,3,3,1,5,0,2,4,4,2,3,5,3,3,2,2,2,3,4,3,1,2,2,2,2,3,3,3,2,3,3,1,2,2,2,2,2,1,2,2,1,3,1,0,1,1,1,2,1,2,2,3,2,1,2,1,2,3,2
"order",1,1,0,2,2,0,1,0,1,2,1,1,1,0,1,2,0,2,1,1,1,1,0,2,3,2,1,1,1,2,3,1,1,2,1,1,3,2,5,1,1,1,1,0,3,1,1,3,2,2,3,2,0,1,1,5,2,1,0,2,1,2,1,4,1,1,2,2,1,1,0,3,1,4,1,3,0,2,2,1,1,1,0,1,1,4,3,2,0,0,1,4,1,1,2,4,1,1,2,1,1,2,1,2,2,4,3,1,0,4,1,1,2,3,3,1,1,1,1,1,2,3,1,2,2,2,2,0,1,1,2,3,1,4,3,2,1,3,3,1,2,1,1,2,1,2,1,3,3,1,4,5,1,2,1,2,2,1,1,2,1,5,2,0,4,3,2,4,4,4,2,1,2,3,2,5,2,1,1,0,1,2,1,0,3,1,2,1,3,1,2,4,1,3,1,1,2,0,1,1,1,2,3,0,1,2,1,1,4,1,1,1,1,1,2,2
"peopl",2,3,1,4,3,0,1,3,1,3,2,1,1,1,2,3,1,3,3,2,4,2,1,6,3,2,2,2,4,5,3,1,1,5,1,2,4,6,7,1,2,3,3,0,6,1,3,4,4,3,4,3,0,1,2,8,4,3,1,5,2,4,1,6,2,3,2,5,4,3,0,6,2,5,1,6,2,3,5,1,3,3,3,2,5,7,5,3,3,2,3,5,2,4,3,6,4,2,2,4,1,4,3,4,6,5,6,3,2,6,4,4,3,5,5,2,5,4,5,2,4,7,2,5,3,4,5,2,3,2,3,6,2,5,4,5,2,5,7,4,2,3,3,4,3,6,3,5,4,4,5,5,2,5,5,3,4,3,2,5,2,6,4,4,0,5,4,3,5,5,3,3,4,5,4,6,4,1,3,2,3,4,3,3,4,2,4,4,3,3,4,5,3,4,1,4,4,2,3,4,3,4,3,2,5,4,4,3,7,5,4,5,3,5,4,4
"say",4,2,3,6,3,4,3,3,3,4,4,3,2,3,2,5,2,5,6,5,2,2,4,5,4,3,5,6,5,4,3,3,2,3,3,3,6,6,5,3,2,4,5,3,3,3,2,5,6,3,4,5,4,4,4,9,3,6,2,8,3,6,4,7,3,2,6,7,6,4,2,6,5,8,5,9,3,5,4,4,3,3,4,3,5,9,6,3,5,2,4,4,3,4,4,8,4,3,5,3,4,3,5,3,5,7,6,3,3,8,7,7,3,7,7,4,5,4,5,3,6,7,4,3,6,5,5,3,4,4,4,5,3,5,5,6,2,4,9,3,3,4,3,4,4,5,5,5,4,4,3,7,5,4,4,5,2,5,3,3,4,8,4,3,5,0,4,4,7,5,6,6,4,6,5,8,6,4,5,5,5,4,5,4,4,4,6,4,4,4,4,4,5,3,3,2,3,4,4,4,4,4,3,4,4,4,4,3,5,5,4,3,2,3,4,3
"sens",2,3,1,4,2,1,1,1,1,2,2,1,1,0,1,2,0,3,3,1,2,2,1,4,2,2,1,3,3,3,1,2,1,3,1,2,4,3,3,1,2,3,4,0,3,1,2,1,4,1,1,2,1,1,2,5,3,3,1,4,1,2,2,3,1,2,3,5,4,2,1,4,2,4,2,5,3,2,3,2,3,3,2,1,3,5,5,1,2,1,3,4,2,3,3,5,3,1,2,2,2,3,2,1,3,4,4,2,2,5,4,4,3,4,3,1,3,3,3,3,4,4,1,3,3,2,4,1,2,1,3,4,2,4,3,5,2,4,5,3,2,3,3,3,3,3,3,4,3,3,4,4,2,4,3,3,2,4,2,3,2,4,2,2,4,4,0,1,3,5,4,3,5,4,4,4,3,2,2,1,2,2,3,2,2,2,2,3,1,2,4,2,3,2,0,2,3,3,2,4,3,3,2,3,4,3,4,1,3,3,3,3,2,3,2,3
"spot",2,1,2,4,3,3,2,0,2,2,4,2,2,1,3,3,2,4,2,3,2,2,2,3,4,2,3,4,3,2,2,2,2,2,3,2,3,4,6,3,3,3,3,3,2,4,1,5,2,2,4,3,2,3,3,7,1,3,3,3,2,3,1,4,3,0,4,3,3,3,2,5,4,6,3,5,1,4,1,1,1,1,1,2,2,6,3,3,1,2,4,3,2,2,2,5,1,3,4,2,2,1,3,3,3,6,5,0,2,6,3,2,1,5,4,3,2,0,1,2,1,4,4,2,4,2,3,1,3,3,3,4,1,5,5,3,2,3,5,2,3,3,1,1,2,4,2,2,2,2,4,7,2,1,1,2,2,3,4,1,2,7,3,4,3,4,1,0,5,4,4,3,1,4,2,5,2,3,2,2,1,2,2,2,4,2,3,1,4,3,2,4,3,5,3,2,2,1,1,0,0,1,3,1,0,1,0,2,4,1,1,0,1,0,1,1
"take",3,2,2,4,4,3,3,2,3,4,3,3,2,3,2,5,2,5,4,5,3,3,3,5,4,3,5,4,5,3,3,2,2,3,3,4,5,6,7,3,3,4,4,3,4,3,3,5,6,4,5,5,3,4,3,9,4,4,3,6,3,6,3,6,3,1,5,6,5,5,1,6,4,7,4,8,2,4,3,3,3,1,4,3,5,8,6,4,3,3,4,4,2,4,3,8,4,4,4,4,3,4,4,2,5,6,6,2,3,8,6,6,3,7,8,4,5,4,5,1,4,7,4,3,5,5,5,2,5,4,2,4,2,6,6,5,3,4,8,3,3,4,3,3,4,5,3,3,3,4,4,6,4,4,4,4,4,4,4,4,3,9,5,4,5,7,3,5,0,5,6,4,3,4,5,7,5,3,4,4,4,4,5,4,6,3,5,4,5,4,4,4,5,4,4,3,4,3,4,3,2,2,2,3,3,2,3,4,6,5,4,3,3,3,5,4
"there",3,3,2,5,2,2,1,1,2,2,3,2,1,1,2,2,1,4,4,2,2,3,2,5,3,3,2,4,4,3,2,2,1,4,2,3,5,4,5,2,3,3,5,1,5,2,2,2,5,3,3,4,2,2,3,8,3,3,2,5,2,3,2,5,3,2,4,5,5,3,2,7,3,7,3,6,3,2,3,2,3,3,3,1,3,7,6,3,2,2,4,5,3,3,3,7,3,2,3,3,2,3,3,2,5,7,6,2,3,8,5,5,3,5,4,2,4,3,4,3,4,6,2,4,4,3,4,2,3,2,5,6,2,5,5,5,3,6,6,3,2,3,3,3,4,3,4,5,4,4,6,7,2,4,3,4,3,5,3,3,2,7,3,4,5,5,5,4,5,0,6,3,5,5,5,7,4,4,3,2,3,4,4,3,4,3,3,4,3,2,5,4,4,4,1,3,4,3,2,4,3,3,4,3,4,3,4,1,5,3,3,3,3,3,2,4
"type",4,2,3,5,3,4,3,2,2,2,4,3,2,2,3,3,1,5,5,4,2,3,3,4,2,2,4,6,5,2,1,3,2,3,3,4,5,5,4,3,3,5,6,3,3,3,3,3,5,2,3,4,4,4,4,8,3,5,3,6,2,4,3,4,4,1,5,6,6,4,2,7,4,7,5,7,4,3,2,3,3,3,4,3,5,7,6,3,4,3,5,3,3,4,2,7,3,3,4,3,4,2,4,1,4,6,5,2,4,8,6,6,2,7,5,3,5,3,4,3,4,6,3,2,4,3,4,2,3,4,4,4,3,5,5,5,2,6,7,3,2,4,3,2,4,4,4,3,2,4,4,6,4,3,4,5,3,6,4,2,4,7,3,2,3,6,4,4,6,6,0,5,4,4,5,6,4,5,3,4,3,3,4,4,4,2,3,3,3,4,4,2,6,4,3,3,3,5,3,4,3,2,3,5,3,2,3,3,4,4,4,2,4,2,2,3
"use",3,2,2,5,2,4,3,3,1,3,4,2,3,2,3,5,2,3,5,4,3,1,3,4,2,1,4,6,4,4,1,3,3,3,2,2,5,4,4,3,2,5,4,3,2,3,2,5,4,1,2,4,3,3,3,7,2,7,2,6,1,4,3,4,3,1,5,7,6,3,2,6,5,7,4,7,3,5,3,3,2,3,3,3,5,7,5,2,5,1,4,2,2,4,4,5,3,1,3,2,4,2,4,3,3,6,5,2,2,7,6,5,1,7,4,3,4,3,3,4,5,5,4,3,5,3,5,2,3,3,3,3,3,4,3,6,1,4,7,4,3,5,3,3,3,5,4,4,3,3,3,5,5,3,4,5,2,4,3,2,4,6,2,1,3,6,3,3,4,3,5,0,3,6,3,5,4,3,3,4,3,2,3,3,1,3,3,2,4,4,4,3,6,3,4,3,3,4,3,3,3,2,2,4,3,2,3,2,3,4,3,2,2,2,2,2
"wasnt",2,3,1,4,2,1,1,1,1,2,2,1,1,0,1,2,0,3,3,1,2,2,1,4,2,2,1,3,3,3,1,2,1,3,1,2,4,3,3,1,2,3,4,0,3,1,2,1,4,1,1,2,1,1,2,5,3,3,1,4,1,2,2,3,1,2,3,5,4,2,1,4,2,4,2,5,3,2,3,2,3,3,2,1,3,5,5,1,2,1,3,4,2,3,3,5,3,1,2,2,2,3,2,1,3,4,4,2,2,5,4,4,3,4,3,1,3,3,3,3,4,4,1,3,3,2,4,1,2,1,3,4,2,4,3,5,2,4,5,3,2,3,3,3,3,3,3,4,3,3,4,4,2,4,3,3,2,4,2,3,2,4,2,2,4,4,5,1,3,5,4,3,0,4,4,4,3,2,2,1,2,2,3,2,2,2,2,3,1,2,4,2,3,2,0,2,3,3,2,4,3,3,2,3,4,3,4,1,3,3,3,3,2,3,2,3
"well",2,3,2,6,2,3,2,2,2,4,4,1,2,1,3,5,2,3,4,3,3,1,3,5,3,2,3,5,4,5,2,3,2,4,2,1,6,4,6,2,2,4,4,2,4,3,1,5,4,2,2,4,2,2,3,8,2,6,2,6,2,4,3,5,2,2,5,7,5,3,2,6,5,8,3,7,3,5,4,3,3,3,2,2,4,8,6,2,4,1,4,4,2,4,5,6,4,1,3,2,3,3,4,4,5,8,7,2,2,8,6,5,2,6,4,3,3,3,3,4,5,6,4,5,6,3,6,2,4,2,4,5,2,5,4,7,2,4,7,4,4,5,3,4,3,5,4,6,5,3,5,7,4,4,3,4,2,4,3,3,3,7,2,3,5,6,4,4,4,5,4,6,4,0,3,6,4,3,4,3,3,3,4,3,2,4,4,3,5,3,5,5,5,4,3,3,4,3,2,3,3,3,3,3,4,3,4,1,5,4,3,3,1,3,2,3
"whether",4,3,2,4,2,2,2,2,2,2,3,3,2,2,1,3,1,3,4,3,2,3,1,5,3,3,3,4,4,3,2,1,2,3,2,4,3,4,3,3,3,3,4,2,3,2,3,2,5,2,2,4,2,3,2,6,4,3,2,5,2,4,2,4,3,2,4,5,5,3,1,5,2,5,3,6,2,1,3,2,3,2,4,2,4,6,4,2,2,2,4,3,2,4,2,5,3,2,2,3,2,3,3,1,4,4,5,3,3,6,5,5,2,4,5,2,5,4,5,2,4,6,2,3,3,4,4,1,3,3,3,4,2,4,4,4,3,4,6,3,2,2,2,3,3,3,3,3,2,4,4,4,2,4,4,3,2,4,3,3,2,5,3,2,4,5,4,2,5,5,5,3,4,3,0,5,5,2,3,3,4,3,3,3,3,2,3,4,2,3,3,2,3,2,1,2,3,3,2,4,3,2,1,3,3,2,3,2,3,4,4,3,3,3,3,3
"will",4,2,2,5,2,3,2,3,2,3,3,3,2,3,2,4,2,4,6,4,2,2,3,5,4,3,4,5,4,4,4,2,2,4,2,3,6,5,6,3,2,3,4,2,5,2,2,5,6,4,5,6,3,3,3,10,3,5,1,7,2,5,3,8,4,2,5,6,6,3,2,8,4,9,4,8,2,4,4,3,2,3,4,2,4,9,6,4,4,1,3,5,3,3,4,8,3,2,4,3,3,3,4,4,5,8,6,3,2,9,6,6,3,7,6,3,5,4,5,3,6,7,3,4,5,5,4,3,3,3,5,6,3,5,5,5,2,6,8,3,2,3,3,4,4,4,5,6,5,4,5,8,4,4,4,6,3,4,2,3,3,9,4,5,6,8,4,5,7,7,6,5,4,6,5,0,6,4,4,4,5,5,4,3,4,4,5,4,5,3,5,6,5,4,3,3,4,3,4,4,4,4,5,3,4,4,4,2,6,4,3,3,3,3,4,4
"world",4,2,2,4,1,2,2,3,2,3,3,3,2,3,1,4,2,2,5,4,2,2,2,5,3,3,4,4,4,4,2,1,2,3,2,3,4,4,3,3,2,2,3,2,3,2,2,3,5,3,3,5,2,3,2,6,3,4,1,6,2,5,2,5,3,2,4,5,5,3,1,5,3,6,3,6,1,2,4,2,2,2,4,2,4,6,4,3,3,1,3,2,2,3,3,5,3,1,2,3,2,3,4,2,4,5,5,3,2,6,5,5,1,4,5,3,5,4,5,2,5,6,3,3,4,5,4,2,3,3,3,3,2,3,3,4,2,3,6,3,2,2,2,4,3,3,4,4,3,4,3,4,3,4,4,4,2,3,2,3,2,5,3,2,4,6,3,2,5,4,4,4,3,4,5,6,0,2,4,4,5,4,3,3,2,3,4,4,3,2,3,3,3,1,2,2,3,2,2,3,3,2,1,2,3,2,3,1,3,4,3,3,2,3,3,3
"alreadi",2,1,3,4,1,3,1,1,2,1,3,1,0,1,3,1,1,3,3,2,0,1,3,2,1,1,2,4,3,1,0,2,0,1,2,1,4,3,2,1,1,2,4,2,2,2,0,1,2,2,2,3,3,2,3,5,0,3,2,4,2,2,2,2,3,1,3,3,3,2,2,4,3,5,3,4,3,2,1,2,2,2,2,1,2,4,4,2,3,2,3,1,2,2,1,5,2,2,3,1,2,0,3,1,3,5,3,1,3,5,4,4,1,4,2,2,2,1,2,2,2,3,2,1,3,1,2,2,2,2,3,3,1,3,4,3,1,3,4,1,1,2,1,1,2,2,3,2,1,2,2,5,2,1,1,3,1,4,2,0,2,4,1,1,1,4,2,3,3,4,5,3,2,3,2,4,2,0,3,3,2,3,3,3,3,2,3,2,2,2,3,2,4,3,2,2,2,3,1,2,2,2,3,3,2,2,2,1,3,2,2,1,2,1,0,2
"detail",2,2,3,4,1,2,1,2,3,3,3,1,0,2,2,3,2,2,3,3,1,1,3,4,2,2,3,3,4,3,1,1,0,2,2,1,4,4,3,1,1,1,3,2,3,2,0,2,3,3,2,4,2,2,2,5,1,3,2,5,3,4,2,3,2,2,3,4,3,3,1,3,3,5,2,5,2,2,3,2,3,1,3,1,3,5,4,2,3,2,3,1,1,3,2,5,4,2,2,2,1,2,4,2,5,5,5,2,3,5,5,5,1,3,4,3,3,3,4,1,3,5,3,3,4,3,4,2,4,2,2,3,0,3,4,4,2,1,5,2,2,2,1,3,2,3,3,3,2,3,2,4,2,3,2,2,1,3,2,2,1,4,2,1,3,5,2,2,4,3,3,3,2,4,3,4,4,3,0,4,4,4,4,4,3,3,5,4,3,2,3,3,3,2,2,2,3,2,1,2,2,2,1,2,3,2,3,1,4,4,3,3,1,3,2,3
"histori",3,1,3,3,1,3,2,3,2,2,3,2,1,3,2,3,2,2,4,4,1,1,3,3,1,1,4,4,4,2,1,1,1,2,2,2,3,4,2,2,1,2,3,3,2,2,1,3,3,2,2,4,3,3,2,5,1,4,2,5,2,4,2,3,3,1,3,4,4,3,1,4,3,5,3,5,2,2,2,2,2,1,4,2,4,5,3,2,4,2,3,0,1,3,1,4,3,2,2,2,2,1,4,2,4,4,4,2,3,5,5,5,0,4,4,3,4,3,4,1,3,5,3,2,3,3,3,2,3,3,2,2,1,2,3,3,1,2,5,2,1,2,1,2,2,3,3,2,1,3,1,3,3,2,3,3,1,3,2,1,2,4,2,0,2,5,1,2,4,2,4,4,1,3,3,4,4,3,4,0,4,3,3,4,2,2,4,3,3,3,2,2,4,2,3,2,2,3,2,2,2,1,1,3,2,1,2,2,3,4,3,2,2,2,2,2
"lead",3,2,2,3,0,2,1,3,2,2,2,2,1,3,1,3,2,1,4,3,1,1,2,4,2,2,3,3,3,3,2,0,1,2,1,2,3,3,2,2,1,1,2,2,3,1,1,2,4,3,2,5,2,2,1,5,2,3,1,5,2,4,2,4,3,2,3,4,4,2,1,4,2,5,2,5,1,1,3,2,2,1,4,1,3,5,3,2,3,1,2,1,1,3,2,4,3,1,1,2,1,2,3,2,4,4,4,3,2,5,5,5,1,3,4,2,4,4,5,1,4,5,2,3,3,4,3,2,3,2,2,3,1,2,3,3,2,2,5,2,1,1,1,3,2,2,3,3,2,3,2,3,2,3,3,3,1,2,1,2,1,4,2,1,3,5,2,1,4,3,3,3,2,3,4,5,5,2,4,4,0,4,3,3,2,3,4,4,3,2,3,3,3,1,2,2,3,2,2,3,3,2,1,2,3,2,3,1,3,4,3,3,2,3,3,3
"leav",2,2,2,4,0,1,0,3,2,2,2,1,0,2,3,2,2,1,3,2,2,1,2,5,2,2,2,2,3,4,1,0,0,2,1,1,4,4,4,1,1,1,2,1,5,1,1,1,3,5,4,5,1,1,2,6,2,2,1,5,3,4,1,4,4,3,2,3,3,2,1,5,2,5,1,4,1,1,4,1,2,2,3,1,3,4,4,4,3,2,2,1,2,3,2,5,3,1,1,3,0,2,3,2,5,5,4,3,2,5,4,4,1,3,3,2,4,3,5,1,3,5,2,3,3,4,3,3,3,2,2,4,1,3,4,3,2,3,5,2,1,1,1,3,2,3,3,3,2,3,3,4,1,3,3,3,3,2,1,3,1,4,2,2,4,4,2,2,4,4,3,2,2,3,3,5,4,3,4,3,4,0,3,3,4,3,4,4,3,1,4,4,3,2,2,4,4,1,1,3,3,3,2,1,4,3,3,1,5,4,3,4,3,4,2,4
"life",1,2,2,4,2,3,1,1,3,3,2,1,0,2,1,3,2,4,3,3,2,2,4,4,2,2,3,3,4,2,1,2,0,2,2,2,4,4,4,1,2,3,4,2,3,2,1,2,5,3,2,3,3,2,3,6,2,3,3,5,3,4,3,4,1,1,4,5,4,4,2,4,4,5,3,6,3,3,2,3,3,1,3,1,3,6,5,2,3,3,3,3,2,3,3,6,4,3,3,3,2,3,3,1,5,5,5,1,3,6,6,6,3,4,5,3,3,3,4,1,3,5,3,3,5,3,4,3,5,2,2,4,1,3,4,5,3,2,6,2,2,4,3,2,4,3,3,3,3,3,2,4,3,3,2,2,2,4,3,3,2,6,3,1,3,5,3,2,5,4,4,3,3,4,3,4,3,3,4,3,3,3,0,4,4,4,4,4,3,2,4,2,4,2,2,2,3,3,3,3,2,2,1,3,4,2,4,2,4,4,3,3,1,3,3,3
"present",2,2,3,3,2,2,1,2,2,2,3,1,0,2,2,2,2,3,3,3,2,2,3,4,1,1,3,3,5,2,0,1,0,3,2,2,3,5,3,1,2,2,4,2,3,2,1,2,3,2,2,3,2,2,2,5,1,3,3,4,2,3,1,2,2,1,2,4,4,4,1,4,3,4,2,5,3,2,2,1,3,1,4,1,4,5,4,2,3,3,4,1,1,3,1,5,4,3,2,3,1,2,4,2,5,4,5,1,4,5,5,5,1,4,4,3,4,3,4,1,2,5,3,3,3,2,4,2,4,2,2,3,0,3,4,4,2,2,5,3,1,3,2,2,3,4,3,2,1,4,2,3,2,3,3,2,2,4,3,2,1,4,3,0,3,4,2,2,4,3,4,3,2,3,3,3,3,3,4,4,3,3,4,0,3,2,4,4,2,3,3,2,4,3,2,3,3,3,2,2,1,1,1,3,3,1,3,2,4,4,3,3,2,3,2,3
"put",1,2,2,4,3,2,1,1,3,2,2,1,0,1,3,2,1,4,1,2,2,2,2,4,3,2,2,2,3,2,2,1,0,1,2,2,3,5,6,1,2,3,3,2,4,2,2,2,3,4,4,3,2,2,3,7,3,1,3,4,4,4,2,4,3,2,3,3,2,3,1,4,2,4,2,5,2,2,2,2,3,1,2,2,3,5,4,3,2,4,3,3,2,4,1,6,3,4,3,3,1,2,2,1,5,4,4,2,3,5,4,4,3,4,5,2,3,2,4,0,1,5,2,2,3,3,3,2,4,3,1,5,1,5,6,3,3,3,6,1,2,2,1,1,2,4,1,1,1,2,3,5,1,2,2,1,3,3,3,3,2,6,3,3,4,4,2,4,6,4,4,1,2,2,3,4,2,3,3,2,2,4,4,3,0,2,4,3,3,3,3,3,3,4,2,3,3,2,2,3,2,3,2,2,3,3,2,4,6,4,4,3,3,3,3,3
"simpli",1,2,1,4,0,3,0,1,2,2,2,1,1,2,1,3,3,2,3,2,2,1,3,4,3,2,2,3,2,3,1,1,1,1,1,1,3,2,3,2,2,2,2,2,2,2,0,2,4,3,2,4,2,1,2,5,1,3,2,4,2,3,2,4,2,1,4,4,4,2,3,4,4,5,2,5,1,3,2,2,1,1,2,0,1,5,3,2,2,1,2,2,2,2,4,4,2,1,2,2,1,2,2,2,3,5,4,1,1,5,5,4,2,3,3,2,2,2,3,2,3,3,3,3,5,3,3,3,4,1,2,4,1,2,3,4,3,1,5,2,2,3,2,2,3,2,3,3,3,2,2,4,2,2,1,2,1,2,2,2,1,5,2,1,2,4,2,2,3,3,2,3,2,4,2,4,3,2,3,2,3,3,4,2,2,0,3,3,3,1,4,3,3,1,2,2,3,1,2,2,2,2,1,1,3,2,3,0,2,2,1,2,0,2,2,2
"tell",2,2,3,4,2,2,1,2,3,3,3,1,0,2,2,3,2,3,3,3,1,1,3,4,3,2,3,3,4,3,2,1,0,2,2,1,4,5,4,1,1,1,3,2,3,2,0,3,3,3,3,4,2,2,2,6,1,3,2,5,3,4,2,4,2,2,3,4,3,3,1,3,3,5,2,6,2,3,3,2,3,1,3,1,3,6,4,2,3,2,3,2,1,3,2,6,4,3,3,2,1,2,4,3,5,5,5,2,3,5,5,5,2,4,5,3,3,3,4,1,3,5,3,3,4,3,4,2,4,2,2,4,0,4,5,4,2,1,6,2,2,2,1,3,2,4,3,3,2,3,2,5,2,3,2,2,1,3,2,2,1,5,3,2,4,6,2,3,5,3,3,3,2,4,3,5,4,3,5,4,4,4,4,4,4,3,0,4,3,3,3,4,3,3,2,2,3,2,2,2,2,3,2,2,3,3,3,2,5,4,3,3,1,3,3,3
"without",2,3,2,3,1,1,0,2,2,2,2,1,0,2,1,2,2,2,3,2,2,2,2,5,2,2,2,2,4,3,1,0,0,3,1,2,3,4,3,1,2,1,3,1,4,1,1,1,4,3,2,4,1,1,1,5,2,2,2,4,2,3,1,3,2,2,2,4,4,3,1,4,2,4,1,5,2,1,3,1,3,1,4,0,3,5,4,2,2,2,3,2,1,3,2,5,4,2,1,3,0,3,3,2,5,4,5,2,3,5,5,5,2,3,4,2,4,4,5,1,3,5,2,4,3,3,4,2,4,1,2,4,0,3,4,4,3,2,5,3,1,2,2,3,3,3,3,3,2,4,3,3,1,4,3,2,2,3,2,3,0,4,3,1,4,4,3,1,4,4,3,2,3,3,4,4,4,2,4,3,4,4,4,4,3,3,4,0,2,2,4,3,3,2,1,3,4,2,2,3,2,2,1,2,4,2,4,1,4,4,3,4,2,4,3,4
"around",1,2,1,3,1,3,2,2,2,3,2,1,2,2,3,5,2,1,2,3,2,0,2,3,2,1,3,3,2,3,3,1,2,2,1,1,4,2,6,2,1,3,1,3,4,2,1,5,3,3,2,5,2,2,1,7,2,4,2,4,2,4,3,4,3,1,4,5,3,2,1,5,3,7,2,5,1,3,2,3,2,0,2,2,3,6,4,2,3,1,2,2,0,4,3,4,3,1,1,1,2,2,2,3,4,6,5,2,1,7,5,4,1,5,4,2,2,3,3,1,3,5,3,4,4,3,4,1,4,2,1,3,1,4,4,4,2,3,5,2,3,3,1,2,1,3,1,3,3,1,4,5,3,2,2,3,2,1,2,2,2,7,1,3,3,4,1,4,5,3,3,4,1,5,2,5,3,2,3,3,3,3,3,2,3,3,3,2,0,3,4,5,5,4,5,3,4,2,2,2,2,1,2,2,2,1,2,2,5,4,3,2,2,2,3,3
"everi",2,3,2,3,3,3,2,2,1,1,3,1,2,1,3,3,1,3,2,2,2,1,1,3,2,0,2,4,3,2,2,1,2,2,1,2,2,4,4,2,2,4,3,3,2,2,2,4,2,0,1,3,2,2,1,6,2,4,3,3,1,2,2,2,3,1,3,5,4,2,1,4,2,4,2,6,3,3,1,2,3,1,3,2,4,6,3,0,3,2,4,2,0,5,1,4,3,3,2,1,2,1,2,3,3,3,4,2,3,5,5,4,2,6,4,1,3,3,3,2,2,4,2,3,2,1,4,0,3,2,1,4,1,5,5,4,2,3,6,3,2,3,1,1,1,5,1,1,0,2,3,4,2,2,3,2,1,3,3,1,2,5,2,1,3,4,2,3,4,2,4,4,2,3,3,3,2,2,2,3,2,1,2,3,3,1,3,2,3,0,3,3,5,5,3,3,3,4,3,3,2,2,2,4,2,2,2,4,4,4,4,2,3,2,3,2
"feel",1,4,1,4,1,2,0,2,1,2,2,0,1,1,3,3,2,2,3,1,3,1,2,5,2,1,1,3,3,4,1,1,1,3,0,1,5,3,5,1,2,3,3,1,5,1,1,2,4,3,2,5,1,0,1,7,2,4,2,4,1,2,2,3,3,2,3,6,5,2,2,6,3,6,1,6,3,3,3,2,3,2,3,0,3,6,6,2,3,1,3,3,1,4,4,6,4,1,1,2,1,3,2,3,4,6,5,2,2,7,6,5,3,6,3,1,3,4,4,3,4,4,2,5,4,2,5,2,4,0,2,5,1,5,5,6,3,4,6,4,2,4,3,3,3,4,3,4,3,3,5,5,2,4,3,4,3,3,2,3,1,6,2,2,4,4,4,2,4,5,4,4,4,5,3,5,3,3,3,2,3,4,4,3,3,4,3,4,4,3,0,5,6,4,3,5,6,3,3,4,3,3,3,3,5,3,5,1,5,4,3,4,3,4,3,5
"good",1,3,1,3,1,1,0,2,1,2,2,0,1,1,3,3,2,1,2,1,2,0,1,4,3,1,1,2,2,4,3,0,1,3,0,0,4,3,6,1,1,1,1,1,5,1,0,4,2,3,3,5,0,0,0,7,1,3,1,3,1,2,1,4,3,2,2,4,3,1,1,5,2,6,0,5,1,3,3,1,2,1,2,0,2,6,4,2,2,0,2,3,0,3,3,5,3,1,1,1,0,2,2,5,4,6,5,2,1,6,4,3,2,5,3,1,2,3,3,2,3,4,2,5,3,2,4,1,3,0,2,5,0,5,5,4,2,3,5,3,2,2,1,3,1,4,2,4,3,2,5,6,1,3,2,3,2,1,1,2,0,6,2,4,5,4,2,4,4,4,2,3,2,5,2,6,3,2,3,2,3,4,2,2,3,3,4,3,5,3,5,0,4,5,3,4,5,1,2,2,2,3,4,1,3,3,3,1,6,3,2,3,2,3,3,4
"old",2,3,2,4,2,4,2,3,1,2,3,1,2,2,4,4,2,3,4,3,3,1,3,4,1,0,3,5,4,3,1,2,2,3,1,2,5,4,5,2,2,5,4,3,4,2,2,4,4,2,2,5,3,2,2,8,2,6,3,5,1,3,3,3,4,1,4,7,6,3,2,7,4,7,3,7,4,4,2,3,3,2,4,2,5,7,6,2,5,2,4,2,1,5,3,6,4,2,2,2,3,2,3,3,4,6,5,2,3,8,7,6,2,8,4,2,4,4,4,3,4,5,3,4,4,2,5,2,4,2,2,4,2,5,5,6,2,5,7,4,2,5,3,2,3,5,3,3,2,3,4,5,4,3,4,5,3,4,3,2,3,7,2,1,3,5,3,3,5,4,6,6,3,5,3,5,3,4,3,4,3,3,4,4,3,3,3,3,5,5,6,4,0,5,5,5,5,5,4,4,3,2,3,5,4,2,4,3,5,5,4,3,4,3,3,4
"review",1,3,2,3,3,2,1,1,1,1,3,0,1,0,4,2,1,3,1,1,2,1,1,3,2,0,1,3,3,2,2,1,1,3,1,1,3,4,6,1,2,3,3,2,4,2,1,4,1,1,2,3,1,1,1,7,1,3,3,2,1,1,1,2,3,1,2,4,3,2,1,5,2,5,1,5,3,3,1,1,3,1,2,1,3,6,4,1,2,2,4,3,0,4,1,5,3,3,2,1,1,1,2,4,4,5,5,1,3,6,4,3,2,6,3,1,2,2,2,2,1,4,2,4,2,0,4,0,3,1,2,5,0,6,6,4,2,4,5,3,2,3,1,1,1,5,1,2,1,2,5,6,1,2,2,2,2,3,3,1,1,6,2,3,4,3,2,5,4,4,4,3,2,4,2,4,1,3,2,2,1,2,2,3,4,1,3,2,4,5,4,5,5,0,3,4,4,3,2,2,1,2,4,3,2,2,2,3,6,3,3,2,3,2,2,3
"shape",1,1,1,2,1,3,2,2,1,2,2,1,2,2,3,4,2,1,2,3,2,0,2,2,1,0,3,3,2,2,1,1,2,1,1,1,3,2,4,2,1,3,1,3,2,2,1,4,2,2,2,4,2,2,1,5,1,4,2,3,1,3,2,2,3,0,3,4,3,2,1,4,3,5,2,4,1,3,1,2,1,0,2,2,3,4,3,2,3,1,2,0,0,3,2,3,2,1,1,1,2,1,2,2,2,4,3,1,1,5,4,3,0,5,3,2,2,2,2,1,2,3,3,2,3,2,3,1,3,2,0,1,1,3,3,3,1,2,4,2,2,3,1,1,1,3,1,1,1,1,2,3,3,1,2,3,2,1,2,1,2,5,1,1,1,3,0,3,4,1,3,4,0,3,1,3,2,2,2,3,2,2,2,2,2,2,2,1,5,3,3,3,5,3,0,3,3,2,2,1,1,0,1,2,1,0,1,2,3,3,2,1,2,1,2,2
"watch",1,3,1,3,1,1,0,3,0,1,2,0,1,1,4,2,2,1,2,1,4,1,1,5,1,0,1,2,3,4,0,0,1,3,0,1,3,4,5,1,2,3,2,1,5,1,2,2,2,3,3,4,0,0,1,6,2,3,2,3,1,2,0,2,4,2,1,4,4,2,1,6,2,4,0,4,2,2,3,0,2,2,3,1,4,4,4,3,3,2,3,1,1,4,2,4,3,1,0,3,0,2,2,3,4,4,4,2,2,5,4,3,1,5,2,1,4,3,4,2,2,4,2,4,2,2,4,2,3,1,1,4,1,4,4,4,2,4,5,4,1,3,2,2,2,5,2,2,1,3,4,3,1,3,4,3,4,2,2,3,1,4,2,1,4,2,2,2,3,3,3,3,2,3,2,3,2,2,2,2,2,4,2,3,3,2,2,3,3,3,5,4,5,4,3,0,5,2,2,3,2,2,2,2,4,2,3,2,5,4,3,4,4,4,2,4
"work",1,4,1,3,1,1,0,2,1,2,2,0,1,1,3,3,2,1,2,1,3,1,1,5,2,1,1,2,3,4,1,0,1,3,0,1,4,3,5,1,2,2,2,1,5,1,1,2,3,3,2,5,0,0,0,6,2,3,2,3,1,2,1,2,3,2,2,5,4,2,1,5,2,5,0,5,2,2,3,1,3,1,3,0,3,5,5,2,2,1,3,2,0,4,3,5,4,1,0,2,0,3,2,3,4,5,5,2,2,6,5,4,2,5,3,1,3,4,4,2,3,4,2,5,3,2,5,1,4,0,1,4,0,5,5,5,3,3,5,4,2,3,2,3,2,4,2,3,2,3,5,4,1,4,3,3,3,2,2,3,0,5,2,2,4,3,3,2,4,4,3,3,3,4,3,4,3,2,3,2,3,4,3,3,3,3,3,4,4,3,6,5,5,4,3,5,0,2,2,3,2,2,2,2,4,2,4,1,5,4,3,4,3,4,3,5
"across",2,2,2,3,2,3,2,2,1,1,2,1,1,1,2,2,0,3,3,2,1,1,2,2,0,0,2,4,3,1,1,2,1,2,1,2,3,3,2,1,1,4,4,2,2,1,2,2,3,0,0,2,3,2,2,5,2,4,2,4,1,2,3,2,2,1,3,5,4,2,1,4,2,4,3,5,4,2,1,3,3,2,3,2,4,5,4,0,4,2,3,2,1,4,1,4,3,2,2,1,3,1,2,1,3,3,3,2,3,5,5,5,2,5,3,1,3,3,3,2,3,4,1,2,2,1,3,1,2,2,2,3,2,3,3,4,1,4,5,2,1,3,2,1,2,3,2,2,1,2,2,3,3,2,3,3,1,4,2,1,3,4,1,0,2,4,3,1,3,3,5,4,3,3,3,3,2,3,2,3,2,1,3,3,2,1,2,2,2,4,3,1,5,3,2,2,2,0,3,4,3,2,2,5,3,2,3,3,3,4,4,2,3,2,2,2
"clear",1,1,0,1,2,2,1,2,0,1,0,1,1,2,0,2,1,3,3,2,2,1,2,2,1,0,2,2,2,1,2,1,1,2,0,2,2,3,3,1,1,3,2,1,2,0,2,3,4,1,2,2,2,1,1,5,2,3,1,3,0,2,2,4,1,0,2,4,4,2,1,4,2,3,2,5,2,3,1,2,1,1,3,1,3,5,3,1,3,1,1,3,1,2,2,4,2,2,2,2,2,2,1,2,2,2,2,1,1,4,4,4,3,5,4,1,3,3,3,1,3,3,1,2,2,2,2,2,2,1,1,3,2,2,2,3,1,3,5,2,0,3,3,1,3,3,2,2,2,2,1,2,3,2,3,3,2,2,1,2,2,5,3,1,3,4,2,1,4,2,3,3,2,2,2,4,2,1,1,2,2,1,3,2,2,2,2,2,2,3,3,2,4,2,2,2,2,3,0,3,2,2,2,3,3,2,3,3,3,3,2,2,2,2,4,2
"control",2,3,1,4,1,2,1,3,1,1,1,1,1,1,2,2,0,2,3,1,2,1,1,4,1,1,1,3,2,3,2,1,1,2,0,2,3,3,3,1,1,4,3,1,4,0,3,1,4,2,1,3,2,1,2,6,4,3,1,5,2,3,3,4,3,3,3,5,4,1,1,5,1,4,2,5,3,1,3,3,3,3,3,2,4,5,4,1,4,2,2,3,2,5,2,4,3,1,1,2,2,2,1,1,4,3,3,4,2,5,5,5,3,4,3,0,4,4,5,2,4,5,0,3,2,3,3,2,2,2,2,5,3,3,3,4,2,5,6,2,1,2,2,2,2,3,2,3,2,2,3,3,2,3,4,3,2,3,1,3,3,4,1,1,4,4,4,0,3,4,4,3,4,3,4,4,3,2,2,2,3,3,3,2,3,2,2,3,2,3,4,2,4,2,1,3,3,4,3,0,5,4,2,4,5,4,4,3,4,5,5,4,4,4,3,3
"explor",2,2,1,4,0,2,1,3,1,1,1,1,1,1,2,2,0,1,3,1,1,0,1,3,1,1,1,3,1,3,2,1,1,1,0,1,3,2,2,1,0,3,2,1,3,0,2,1,3,2,1,3,2,1,2,5,3,3,0,5,2,3,3,4,3,3,3,4,3,0,1,4,1,4,2,4,2,1,3,3,2,3,2,2,3,4,3,1,4,1,1,2,2,4,2,3,2,0,1,1,2,1,1,1,3,3,2,4,1,4,4,4,2,3,2,0,3,3,4,2,4,4,0,2,2,3,2,2,1,2,2,4,3,2,2,3,1,4,5,1,1,1,1,2,1,2,2,3,2,1,2,3,2,2,3,3,1,2,0,2,3,3,0,1,3,4,3,0,2,3,3,3,3,3,3,4,3,2,2,2,3,3,2,1,2,2,2,2,2,2,3,2,3,1,1,2,2,3,2,5,0,4,2,3,4,4,3,2,3,4,4,3,3,3,2,2
"happen",1,2,1,4,1,1,0,2,1,1,1,0,0,0,2,1,0,2,2,0,1,0,1,3,2,1,0,2,1,3,2,1,0,1,0,0,3,3,3,0,0,2,2,0,3,0,1,1,2,2,2,2,1,0,2,5,2,2,0,4,2,2,2,4,2,3,2,3,2,0,1,3,1,3,1,4,2,2,3,2,2,3,1,1,2,4,3,1,3,1,1,3,2,3,2,4,2,1,2,1,1,1,1,2,3,3,2,3,1,3,3,3,3,3,2,0,2,2,3,2,3,3,0,2,2,2,2,2,1,1,2,5,2,3,3,3,1,3,5,1,1,1,1,2,1,3,2,3,2,1,2,4,1,2,2,2,1,2,0,2,2,3,1,2,4,4,3,1,2,3,2,2,3,3,2,4,2,2,2,1,2,3,2,1,3,2,3,2,1,2,3,3,2,2,0,2,2,2,2,4,4,0,3,2,4,5,3,2,4,3,3,3,2,3,2,2
"isnt",1,1,1,2,1,1,0,1,0,0,1,0,0,0,2,0,0,2,2,0,0,0,1,1,1,0,0,2,1,1,2,1,0,2,0,0,3,2,3,0,0,1,2,0,3,0,0,2,1,1,2,2,1,0,1,5,0,2,0,2,0,0,1,3,2,1,1,2,2,0,1,4,1,4,1,3,2,2,1,1,1,2,1,0,1,4,3,1,2,0,1,3,1,1,1,4,1,1,2,0,1,0,1,3,2,4,2,1,1,4,2,2,2,4,1,0,1,1,1,2,2,2,0,2,1,0,1,1,0,0,3,4,1,3,3,2,0,4,3,1,0,1,1,1,1,2,2,3,2,1,3,5,1,1,1,3,1,2,0,0,1,4,1,3,3,3,2,3,2,4,3,2,2,3,1,5,1,3,1,1,1,2,1,1,2,1,2,1,2,2,3,4,3,4,1,2,2,2,2,2,2,3,0,2,2,3,2,1,4,1,1,1,2,1,1,2
"least",2,2,2,3,2,3,2,2,1,1,2,1,1,1,2,2,0,3,3,2,1,1,2,2,0,0,2,4,3,1,1,2,1,2,1,2,3,3,2,1,1,4,4,2,2,1,2,2,3,0,0,2,3,2,2,5,2,4,2,4,1,2,3,2,2,1,3,5,4,2,1,4,2,4,3,5,4,2,1,3,3,2,3,2,4,5,4,0,4,2,3,2,1,4,1,4,3,2,2,1,3,1,2,1,3,3,3,2,3,5,5,5,2,5,3,1,3,3,3,2,3,4,1,2,2,1,3,1,2,2,2,3,2,3,3,4,1,4,5,2,1,3,2,1,2,3,2,2,1,2,2,3,3,2,3,3,1,4,2,1,3,4,1,0,2,4,3,1,3,3,5,4,3,3,3,3,2,3,2,3,2,1,3,3,2,1,2,2,2,4,3,1,5,3,2,2,2,5,3,4,3,2,2,0,3,2,3,3,3,4,4,2,3,2,2,2
"live",1,3,1,4,1,1,0,3,1,2,1,0,0,1,2,2,1,2,3,1,3,1,2,5,1,1,1,2,3,4,1,1,0,3,0,1,4,4,4,0,1,3,3,0,5,0,2,1,4,3,2,3,1,0,2,6,3,3,1,5,2,3,2,4,2,3,2,5,4,2,1,5,2,4,1,5,3,2,4,2,3,3,3,1,4,5,5,2,4,2,2,3,2,4,3,5,4,1,1,3,1,3,2,2,5,4,4,3,2,5,5,5,3,4,3,1,4,4,5,2,4,5,1,4,3,3,4,3,3,1,2,5,2,3,3,5,2,4,6,3,1,3,3,3,3,4,3,4,3,3,3,3,2,4,4,3,3,3,1,4,2,4,2,1,5,4,4,0,3,4,3,3,4,4,3,4,3,2,3,2,3,4,4,3,3,3,3,4,2,2,5,3,4,2,1,4,4,3,3,5,4,4,2,3,0,4,5,2,5,5,4,5,3,5,3,4
"power",1,2,1,4,1,1,0,2,1,1,1,0,0,0,2,1,0,2,2,0,1,0,1,3,2,1,0,2,1,3,2,1,0,1,0,0,3,3,3,0,0,2,2,0,3,0,1,1,2,2,2,2,1,0,2,5,2,2,0,4,2,2,2,4,2,3,2,3,2,0,1,3,1,3,1,4,2,2,3,2,2,3,1,1,2,4,3,1,3,1,1,3,2,3,2,4,2,1,2,1,1,1,1,2,3,3,2,3,1,3,3,3,3,3,2,0,2,2,3,2,3,3,0,2,2,2,2,2,1,1,2,5,2,3,3,3,1,3,5,1,1,1,1,2,1,3,2,3,2,1,2,4,1,2,2,2,1,2,0,2,2,3,1,2,4,4,3,1,2,3,2,2,3,3,2,4,2,2,2,1,2,3,2,1,3,2,3,2,1,2,3,3,2,2,0,2,2,2,2,4,4,5,3,2,4,0,3,2,4,3,3,3,2,3,2,2
"stori",1,3,1,3,1,1,0,2,1,2,1,0,0,1,1,2,1,2,3,1,2,1,2,4,1,1,1,2,3,3,1,1,0,3,0,1,4,3,3,0,1,2,3,0,4,0,1,1,4,2,1,3,1,0,1,5,2,3,1,4,1,2,2,3,1,2,2,5,4,2,1,4,2,4,1,5,3,2,3,2,3,2,3,0,3,5,5,1,3,1,2,3,1,3,3,5,4,1,1,2,1,3,2,2,4,4,4,2,2,5,5,5,3,4,3,1,3,4,4,2,4,4,1,4,3,2,4,2,3,0,2,4,1,3,3,5,2,3,5,3,1,3,3,3,3,3,3,4,3,3,3,3,2,4,3,3,2,3,1,3,1,4,2,1,4,4,4,0,3,4,3,3,4,4,3,4,3,2,3,2,3,3,4,3,2,3,3,4,2,2,5,3,4,2,1,3,4,3,3,4,3,3,2,3,5,3,0,1,4,4,3,4,2,4,3,4
"credit",1,1,1,2,3,2,2,2,1,1,1,1,1,1,2,2,0,3,1,2,2,1,1,2,1,0,2,2,2,1,2,1,1,1,1,2,1,4,4,1,1,4,2,2,2,1,3,3,2,1,2,1,2,2,2,5,3,2,2,3,2,3,2,3,2,1,2,3,2,2,0,3,1,2,2,4,2,2,1,2,2,1,2,3,4,4,2,1,3,3,2,2,1,4,0,3,2,3,2,2,2,1,1,1,3,1,2,2,2,3,3,3,2,4,4,1,3,2,3,0,1,4,1,1,1,2,2,1,2,3,0,3,2,3,3,2,1,3,5,1,1,2,1,0,1,4,0,0,0,1,1,2,2,1,3,1,2,2,2,2,3,4,2,1,3,3,1,2,4,1,3,2,1,1,2,2,1,1,1,2,1,1,2,2,4,0,2,1,2,4,1,1,3,3,2,2,1,3,3,3,2,2,1,3,2,2,1,0,4,4,4,2,3,2,3,1
"imag",1,3,2,4,3,1,1,3,2,3,2,0,0,1,4,3,1,3,2,2,3,1,2,5,2,1,2,2,4,4,3,1,0,4,1,1,5,6,8,0,1,3,3,1,7,1,2,4,3,4,4,4,1,1,2,9,3,3,2,5,3,4,2,5,3,3,2,5,3,3,0,6,2,6,1,6,3,3,4,2,4,2,3,2,5,7,6,3,4,3,3,4,1,5,2,7,5,3,2,3,1,3,3,4,7,6,6,3,3,7,5,5,3,6,5,2,4,4,5,1,3,7,2,5,3,3,5,2,4,2,2,6,1,6,6,5,2,5,7,3,2,3,2,3,2,6,2,4,3,3,5,6,2,4,4,3,4,3,2,4,2,7,3,4,7,5,3,4,6,5,4,3,3,5,3,6,3,3,4,3,3,5,4,4,6,2,5,4,5,4,5,6,5,6,3,5,5,3,3,4,3,4,4,3,5,4,4,4,0,6,5,5,4,5,4,5
"mission",2,3,2,4,2,2,2,4,2,3,2,1,1,2,3,4,1,2,3,3,3,1,2,5,1,1,3,3,4,4,2,1,1,3,1,2,4,5,5,1,1,4,3,2,5,1,3,3,4,3,2,4,2,2,2,7,4,4,2,6,3,5,3,4,3,3,3,6,4,3,0,5,2,5,2,6,3,2,4,3,4,2,4,3,6,6,5,2,5,3,3,2,1,6,2,5,5,2,1,3,2,3,3,2,6,4,5,4,3,6,6,6,2,5,5,2,5,5,6,1,4,7,2,4,3,4,5,2,4,3,1,4,2,4,4,5,2,4,7,3,2,3,2,3,2,5,2,3,2,3,3,3,3,4,5,3,3,3,2,4,3,5,2,1,5,5,3,1,5,3,4,4,3,4,4,4,4,2,4,4,4,4,4,4,4,2,4,4,4,4,4,3,5,3,3,4,4,4,3,5,4,3,1,4,5,3,4,4,6,0,6,5,4,5,4,4
"nasa",2,3,2,4,2,2,2,3,2,2,2,1,1,1,3,3,0,2,2,2,2,1,1,4,1,1,2,3,3,3,2,1,1,2,1,2,3,4,4,1,1,4,3,2,4,1,3,2,3,2,1,3,2,2,2,6,4,3,2,5,3,4,3,3,3,3,3,5,3,2,0,4,1,4,2,5,3,1,3,3,4,2,3,3,5,5,4,1,4,3,3,2,1,6,1,4,4,2,1,2,2,2,2,1,5,3,4,4,3,5,5,5,2,4,4,1,4,4,5,1,3,6,1,3,2,3,4,1,3,3,1,4,2,4,4,4,2,4,6,2,2,2,1,2,1,4,1,2,1,2,3,3,2,3,4,2,2,3,2,3,3,4,1,1,4,4,3,1,4,3,4,3,3,3,4,3,3,2,3,3,3,3,3,3,4,1,3,3,3,4,3,2,4,3,2,3,3,4,2,5,4,3,1,4,4,3,3,4,5,6,0,4,4,4,3,3
"astronaut",1,3,1,3,1,0,0,3,1,2,1,0,0,1,2,2,1,1,2,1,3,1,1,5,1,1,1,1,3,4,1,0,0,3,0,1,3,4,4,0,1,2,2,0,5,0,2,1,3,3,2,3,0,0,1,5,3,2,1,4,2,3,1,3,2,3,1,4,3,2,0,4,1,3,0,4,2,1,4,1,3,2,3,1,4,4,4,2,3,2,2,2,1,4,2,4,4,1,0,3,0,3,2,2,5,3,4,3,2,4,4,4,2,3,3,1,4,4,5,1,3,5,1,4,2,3,4,2,3,1,1,4,1,3,3,4,2,3,5,3,1,2,2,3,2,4,2,3,2,3,3,2,1,4,4,2,3,2,1,4,1,3,2,1,5,3,3,0,3,3,2,2,3,3,3,3,3,1,3,2,3,4,3,3,3,2,3,4,2,2,4,3,3,2,1,4,4,2,2,4,3,3,1,2,5,3,4,2,5,5,4,0,3,5,3,4
"hour",2,2,1,2,1,1,1,3,0,0,1,1,1,1,3,1,0,1,2,1,2,1,0,3,0,0,1,2,2,2,1,0,1,2,0,2,2,3,3,1,1,3,2,1,4,0,3,1,2,2,2,3,1,1,1,5,3,2,1,3,1,2,1,2,4,2,1,3,3,1,0,5,0,3,1,3,2,0,2,1,2,2,3,2,4,3,3,2,3,2,2,1,1,4,0,3,2,1,0,2,1,1,1,1,3,2,2,3,2,4,3,3,1,4,2,0,4,3,4,1,2,4,0,2,0,2,2,1,1,2,1,3,2,3,3,2,1,5,4,2,0,1,1,1,1,3,1,1,0,2,3,2,1,2,4,3,3,2,1,2,2,3,1,1,3,2,2,1,3,3,4,2,2,1,3,3,2,2,1,2,2,3,1,2,3,0,1,2,2,3,3,2,4,3,2,4,3,3,2,4,3,2,2,3,3,2,2,3,4,4,4,3,0,3,2,3
"man",1,3,1,3,1,0,0,3,1,2,1,0,0,1,2,2,1,1,2,1,3,1,1,5,1,1,1,1,3,4,1,0,0,3,0,1,3,4,4,0,1,2,2,0,5,0,2,1,3,3,2,3,0,0,1,5,3,2,1,4,2,3,1,3,2,3,1,4,3,2,0,4,1,3,0,4,2,1,4,1,3,2,3,1,4,4,4,2,3,2,2,2,1,4,2,4,4,1,0,3,0,3,2,2,5,3,4,3,2,4,4,4,2,3,3,1,4,4,5,1,3,5,1,4,2,3,4,2,3,1,1,4,1,3,3,4,2,3,5,3,1,2,2,3,2,4,2,3,2,3,3,2,1,4,4,2,3,2,1,4,1,3,2,1,5,3,3,0,3,3,2,2,3,3,3,3,3,1,3,2,3,4,3,3,3,2,3,4,2,2,4,3,3,2,1,4,4,2,2,4,3,3,1,2,5,3,4,2,5,5,4,5,3,0,3,4
"part",1,2,0,1,2,1,1,2,1,2,0,1,1,2,0,3,1,2,2,2,2,1,1,3,2,1,2,1,2,2,3,0,1,2,0,2,2,3,4,1,1,2,1,1,3,0,2,3,4,2,2,3,1,1,0,5,3,2,1,3,1,3,2,4,1,1,2,4,3,2,0,3,1,3,1,5,1,2,2,2,2,0,3,1,3,5,3,1,2,1,1,3,0,3,2,4,3,2,1,2,1,3,1,2,3,2,3,2,1,4,4,4,3,4,5,1,3,4,4,0,3,4,1,3,2,3,3,1,3,1,0,3,1,3,3,3,2,2,5,2,1,2,2,2,2,3,1,2,2,2,2,2,2,3,3,2,2,1,1,3,1,5,3,2,4,4,2,1,5,2,2,2,2,2,3,4,3,0,2,2,3,2,3,2,3,2,3,3,3,3,3,3,3,2,2,2,3,2,4,3,2,2,1,2,3,2,3,3,4,4,3,3,2,3,0,3
"read",1,3,1,2,1,0,0,2,1,2,1,0,0,1,2,2,1,1,2,1,2,1,1,4,1,1,1,1,3,3,1,0,0,3,0,1,4,3,4,0,1,1,2,0,5,0,1,1,3,3,2,4,0,0,0,5,2,2,1,3,1,2,1,2,2,2,1,4,3,2,0,4,1,4,0,4,2,1,3,1,3,1,3,0,3,4,5,2,2,1,2,2,0,3,2,5,4,1,0,2,0,3,2,2,4,4,4,2,2,5,4,4,2,4,3,1,3,4,4,1,3,4,1,4,2,2,4,1,3,0,1,3,0,4,4,4,2,3,4,3,1,2,2,3,2,3,2,3,2,3,4,3,1,4,3,3,3,2,1,3,0,4,2,2,4,3,3,1,4,4,3,2,3,3,3,4,3,2,3,2,3,4,3,3,3,2,3,4,3,2,5,4,4,3,2,4,5,2,2,3,2,2,2,2,4,2,4,1,5,4,3,4,3,4,3,0
